--
-- PostgreSQL database dump
--

-- Dumped from database version 9.3.4
-- Dumped by pg_dump version 9.3.4
-- Started on 2015-09-17 18:51:12 COT

SET statement_timeout = 0;
SET lock_timeout = 0;
SET client_encoding = 'UTF8';
SET standard_conforming_strings = on;
SET check_function_bodies = false;
SET client_min_messages = warning;

--
-- TOC entry 232 (class 3079 OID 11829)
-- Name: plpgsql; Type: EXTENSION; Schema: -; Owner: 
--

CREATE EXTENSION IF NOT EXISTS plpgsql WITH SCHEMA pg_catalog;


--
-- TOC entry 2457 (class 0 OID 0)
-- Dependencies: 232
-- Name: EXTENSION plpgsql; Type: COMMENT; Schema: -; Owner: 
--

COMMENT ON EXTENSION plpgsql IS 'PL/pgSQL procedural language';


SET search_path = public, pg_catalog;

--
-- TOC entry 170 (class 1259 OID 73245)
-- Name: bitacora_id_seq; Type: SEQUENCE; Schema: public; Owner: postgres
--

CREATE SEQUENCE bitacora_id_seq
    START WITH 1
    INCREMENT BY 1
    NO MINVALUE
    NO MAXVALUE
    CACHE 1;


ALTER TABLE public.bitacora_id_seq OWNER TO postgres;

--
-- TOC entry 2458 (class 0 OID 0)
-- Dependencies: 170
-- Name: SEQUENCE bitacora_id_seq; Type: COMMENT; Schema: public; Owner: postgres
--

COMMENT ON SEQUENCE bitacora_id_seq IS 'DbWrench Autogenerated Sequence.';


SET default_tablespace = '';

SET default_with_oids = false;

--
-- TOC entry 201 (class 1259 OID 73307)
-- Name: bitacora; Type: TABLE; Schema: public; Owner: postgres; Tablespace: 
--

CREATE TABLE bitacora (
    id bigint DEFAULT nextval('bitacora_id_seq'::regclass) NOT NULL,
    usuario_id bigint NOT NULL,
    accion character varying(80) NOT NULL,
    tabla character varying(80) NOT NULL,
    registro bigint,
    observacion character varying(1024),
    fecha timestamp without time zone DEFAULT now() NOT NULL
);


ALTER TABLE public.bitacora OWNER TO postgres;

--
-- TOC entry 177 (class 1259 OID 73259)
-- Name: ciudad_id_seq; Type: SEQUENCE; Schema: public; Owner: postgres
--

CREATE SEQUENCE ciudad_id_seq
    START WITH 1
    INCREMENT BY 1
    NO MINVALUE
    NO MAXVALUE
    CACHE 1;


ALTER TABLE public.ciudad_id_seq OWNER TO postgres;

--
-- TOC entry 2459 (class 0 OID 0)
-- Dependencies: 177
-- Name: SEQUENCE ciudad_id_seq; Type: COMMENT; Schema: public; Owner: postgres
--

COMMENT ON SEQUENCE ciudad_id_seq IS 'DbWrench Autogenerated Sequence.';


--
-- TOC entry 208 (class 1259 OID 73372)
-- Name: ciudad; Type: TABLE; Schema: public; Owner: postgres; Tablespace: 
--

CREATE TABLE ciudad (
    id bigint DEFAULT nextval('ciudad_id_seq'::regclass) NOT NULL,
    nom_ciudad character varying(80) NOT NULL,
    depto_id bigint NOT NULL,
    created_at timestamp without time zone DEFAULT now() NOT NULL,
    updated_at timestamp without time zone DEFAULT now() NOT NULL,
    deleted_at timestamp without time zone
);


ALTER TABLE public.ciudad OWNER TO postgres;

--
-- TOC entry 186 (class 1259 OID 73277)
-- Name: control_peso_id_seq; Type: SEQUENCE; Schema: public; Owner: postgres
--

CREATE SEQUENCE control_peso_id_seq
    START WITH 1
    INCREMENT BY 1
    NO MINVALUE
    NO MAXVALUE
    CACHE 1;


ALTER TABLE public.control_peso_id_seq OWNER TO postgres;

--
-- TOC entry 217 (class 1259 OID 73444)
-- Name: control_peso; Type: TABLE; Schema: public; Owner: postgres; Tablespace: 
--

CREATE TABLE control_peso (
    id bigint DEFAULT nextval('control_peso_id_seq'::regclass) NOT NULL,
    peso_cerdo integer NOT NULL,
    unidad_medida_id bigint NOT NULL,
    hoja_vida_id bigint NOT NULL,
    empleado_id bigint NOT NULL,
    created_at timestamp without time zone DEFAULT now() NOT NULL,
    updated_at timestamp without time zone DEFAULT now() NOT NULL,
    deleted_at timestamp without time zone
);


ALTER TABLE public.control_peso OWNER TO postgres;

--
-- TOC entry 171 (class 1259 OID 73247)
-- Name: credencial_id_seq; Type: SEQUENCE; Schema: public; Owner: postgres
--

CREATE SEQUENCE credencial_id_seq
    START WITH 1
    INCREMENT BY 1
    NO MINVALUE
    NO MAXVALUE
    CACHE 1;


ALTER TABLE public.credencial_id_seq OWNER TO postgres;

--
-- TOC entry 2460 (class 0 OID 0)
-- Dependencies: 171
-- Name: SEQUENCE credencial_id_seq; Type: COMMENT; Schema: public; Owner: postgres
--

COMMENT ON SEQUENCE credencial_id_seq IS 'DbWrench Autogenerated Sequence.';


--
-- TOC entry 202 (class 1259 OID 73319)
-- Name: credencial; Type: TABLE; Schema: public; Owner: postgres; Tablespace: 
--

CREATE TABLE credencial (
    id bigint DEFAULT nextval('credencial_id_seq'::regclass) NOT NULL,
    nombre character varying(80) NOT NULL,
    created_at timestamp without time zone DEFAULT now() NOT NULL,
    updated_at timestamp without time zone DEFAULT now() NOT NULL,
    deleted_at timestamp without time zone
);


ALTER TABLE public.credencial OWNER TO postgres;

--
-- TOC entry 175 (class 1259 OID 73255)
-- Name: depto_id_seq; Type: SEQUENCE; Schema: public; Owner: postgres
--

CREATE SEQUENCE depto_id_seq
    START WITH 1
    INCREMENT BY 1
    NO MINVALUE
    NO MAXVALUE
    CACHE 1;


ALTER TABLE public.depto_id_seq OWNER TO postgres;

--
-- TOC entry 2461 (class 0 OID 0)
-- Dependencies: 175
-- Name: SEQUENCE depto_id_seq; Type: COMMENT; Schema: public; Owner: postgres
--

COMMENT ON SEQUENCE depto_id_seq IS 'DbWrench Autogenerated Sequence.';


--
-- TOC entry 206 (class 1259 OID 73356)
-- Name: depto; Type: TABLE; Schema: public; Owner: postgres; Tablespace: 
--

CREATE TABLE depto (
    id bigint DEFAULT nextval('depto_id_seq'::regclass) NOT NULL,
    nom_depto character varying(80) NOT NULL,
    created_at timestamp without time zone DEFAULT now() NOT NULL,
    updated_at timestamp without time zone DEFAULT now() NOT NULL,
    deleted_at timestamp without time zone
);


ALTER TABLE public.depto OWNER TO postgres;

--
-- TOC entry 195 (class 1259 OID 73295)
-- Name: detalle_entrada_id_seq; Type: SEQUENCE; Schema: public; Owner: postgres
--

CREATE SEQUENCE detalle_entrada_id_seq
    START WITH 1
    INCREMENT BY 1
    NO MINVALUE
    NO MAXVALUE
    CACHE 1;


ALTER TABLE public.detalle_entrada_id_seq OWNER TO postgres;

--
-- TOC entry 2462 (class 0 OID 0)
-- Dependencies: 195
-- Name: SEQUENCE detalle_entrada_id_seq; Type: COMMENT; Schema: public; Owner: postgres
--

COMMENT ON SEQUENCE detalle_entrada_id_seq IS 'DbWrench Autogenerated Sequence.';


--
-- TOC entry 227 (class 1259 OID 73524)
-- Name: detalle_entrada; Type: TABLE; Schema: public; Owner: postgres; Tablespace: 
--

CREATE TABLE detalle_entrada (
    id bigint DEFAULT nextval('detalle_entrada_id_seq'::regclass) NOT NULL,
    cantidad bigint NOT NULL,
    valor bigint NOT NULL,
    entrada_bodega_id bigint NOT NULL,
    insumo_id bigint NOT NULL,
    unidad_medida_id bigint NOT NULL,
    created_at timestamp without time zone DEFAULT now() NOT NULL,
    updated_at timestamp without time zone DEFAULT now() NOT NULL,
    deleted_at timestamp without time zone
);


ALTER TABLE public.detalle_entrada OWNER TO postgres;

--
-- TOC entry 219 (class 1259 OID 73460)
-- Name: detalle_hoja; Type: TABLE; Schema: public; Owner: postgres; Tablespace: 
--

CREATE TABLE detalle_hoja (
    id bigint DEFAULT nextval('control_peso_id_seq'::regclass) NOT NULL,
    peso_cerdo integer NOT NULL,
    unidad_medida_id bigint NOT NULL,
    hoja_vida_id bigint NOT NULL,
    dosis integer NOT NULL,
    insumo_id bigint NOT NULL,
    tipo_insumo_id bigint NOT NULL,
    created_at timestamp without time zone DEFAULT now() NOT NULL,
    updated_at timestamp without time zone DEFAULT now() NOT NULL,
    deleted_at timestamp without time zone
);


ALTER TABLE public.detalle_hoja OWNER TO postgres;

--
-- TOC entry 199 (class 1259 OID 73303)
-- Name: detalle_hoja_id_seq; Type: SEQUENCE; Schema: public; Owner: postgres
--

CREATE SEQUENCE detalle_hoja_id_seq
    START WITH 1
    INCREMENT BY 1
    NO MINVALUE
    NO MAXVALUE
    CACHE 1;


ALTER TABLE public.detalle_hoja_id_seq OWNER TO postgres;

--
-- TOC entry 2463 (class 0 OID 0)
-- Dependencies: 199
-- Name: SEQUENCE detalle_hoja_id_seq; Type: COMMENT; Schema: public; Owner: postgres
--

COMMENT ON SEQUENCE detalle_hoja_id_seq IS 'DbWrench Autogenerated Sequence.';


--
-- TOC entry 197 (class 1259 OID 73299)
-- Name: detalle_salida_id_seq; Type: SEQUENCE; Schema: public; Owner: postgres
--

CREATE SEQUENCE detalle_salida_id_seq
    START WITH 1
    INCREMENT BY 1
    NO MINVALUE
    NO MAXVALUE
    CACHE 1;


ALTER TABLE public.detalle_salida_id_seq OWNER TO postgres;

--
-- TOC entry 2464 (class 0 OID 0)
-- Dependencies: 197
-- Name: SEQUENCE detalle_salida_id_seq; Type: COMMENT; Schema: public; Owner: postgres
--

COMMENT ON SEQUENCE detalle_salida_id_seq IS 'DbWrench Autogenerated Sequence.';


--
-- TOC entry 229 (class 1259 OID 73540)
-- Name: detalle_salida; Type: TABLE; Schema: public; Owner: postgres; Tablespace: 
--

CREATE TABLE detalle_salida (
    id bigint DEFAULT nextval('detalle_salida_id_seq'::regclass) NOT NULL,
    cantidad bigint NOT NULL,
    salida_bodega_id bigint NOT NULL,
    insumo_id bigint NOT NULL,
    unidad_medida_id bigint NOT NULL,
    lote_id bigint NOT NULL,
    created_at timestamp without time zone DEFAULT now() NOT NULL,
    updated_at timestamp without time zone DEFAULT now() NOT NULL,
    deleted_at timestamp without time zone
);


ALTER TABLE public.detalle_salida OWNER TO postgres;

--
-- TOC entry 182 (class 1259 OID 73269)
-- Name: empleado_id_seq; Type: SEQUENCE; Schema: public; Owner: postgres
--

CREATE SEQUENCE empleado_id_seq
    START WITH 1
    INCREMENT BY 1
    NO MINVALUE
    NO MAXVALUE
    CACHE 1;


ALTER TABLE public.empleado_id_seq OWNER TO postgres;

--
-- TOC entry 2465 (class 0 OID 0)
-- Dependencies: 182
-- Name: SEQUENCE empleado_id_seq; Type: COMMENT; Schema: public; Owner: postgres
--

COMMENT ON SEQUENCE empleado_id_seq IS 'DbWrench Autogenerated Sequence.';


--
-- TOC entry 213 (class 1259 OID 73412)
-- Name: empleado; Type: TABLE; Schema: public; Owner: postgres; Tablespace: 
--

CREATE TABLE empleado (
    id bigint DEFAULT nextval('empleado_id_seq'::regclass) NOT NULL,
    nombre character varying(80) NOT NULL,
    apellido character varying(80) NOT NULL,
    direccion character varying(100) NOT NULL,
    correo character varying(50) NOT NULL,
    telefono character varying(12) NOT NULL,
    tipo_id_id bigint NOT NULL,
    usuario_id bigint NOT NULL,
    documento bigint,
    created_at timestamp without time zone DEFAULT now() NOT NULL,
    updated_at timestamp without time zone DEFAULT now() NOT NULL,
    deleted_at timestamp without time zone
);


ALTER TABLE public.empleado OWNER TO postgres;

--
-- TOC entry 194 (class 1259 OID 73293)
-- Name: entrada_bodega_id_seq; Type: SEQUENCE; Schema: public; Owner: postgres
--

CREATE SEQUENCE entrada_bodega_id_seq
    START WITH 1
    INCREMENT BY 1
    NO MINVALUE
    NO MAXVALUE
    CACHE 1;


ALTER TABLE public.entrada_bodega_id_seq OWNER TO postgres;

--
-- TOC entry 2466 (class 0 OID 0)
-- Dependencies: 194
-- Name: SEQUENCE entrada_bodega_id_seq; Type: COMMENT; Schema: public; Owner: postgres
--

COMMENT ON SEQUENCE entrada_bodega_id_seq IS 'DbWrench Autogenerated Sequence.';


--
-- TOC entry 226 (class 1259 OID 73516)
-- Name: entrada_bodega; Type: TABLE; Schema: public; Owner: postgres; Tablespace: 
--

CREATE TABLE entrada_bodega (
    id bigint DEFAULT nextval('entrada_bodega_id_seq'::regclass) NOT NULL,
    empleado_id bigint NOT NULL,
    proveedor_id bigint NOT NULL,
    created_at timestamp without time zone DEFAULT now() NOT NULL,
    updated_at timestamp without time zone DEFAULT now() NOT NULL,
    deleted_at timestamp without time zone
);


ALTER TABLE public.entrada_bodega OWNER TO postgres;

--
-- TOC entry 185 (class 1259 OID 73275)
-- Name: estado_id_seq; Type: SEQUENCE; Schema: public; Owner: postgres
--

CREATE SEQUENCE estado_id_seq
    START WITH 1
    INCREMENT BY 1
    NO MINVALUE
    NO MAXVALUE
    CACHE 1;


ALTER TABLE public.estado_id_seq OWNER TO postgres;

--
-- TOC entry 2467 (class 0 OID 0)
-- Dependencies: 185
-- Name: SEQUENCE estado_id_seq; Type: COMMENT; Schema: public; Owner: postgres
--

COMMENT ON SEQUENCE estado_id_seq IS 'DbWrench Autogenerated Sequence.';


--
-- TOC entry 216 (class 1259 OID 73436)
-- Name: estado; Type: TABLE; Schema: public; Owner: postgres; Tablespace: 
--

CREATE TABLE estado (
    id bigint DEFAULT nextval('estado_id_seq'::regclass) NOT NULL,
    desc_estado character varying(80) NOT NULL,
    created_at timestamp without time zone DEFAULT now() NOT NULL,
    updated_at timestamp without time zone DEFAULT now() NOT NULL,
    deleted_at timestamp without time zone
);


ALTER TABLE public.estado OWNER TO postgres;

--
-- TOC entry 176 (class 1259 OID 73257)
-- Name: genero_id_seq; Type: SEQUENCE; Schema: public; Owner: postgres
--

CREATE SEQUENCE genero_id_seq
    START WITH 1
    INCREMENT BY 1
    NO MINVALUE
    NO MAXVALUE
    CACHE 1;


ALTER TABLE public.genero_id_seq OWNER TO postgres;

--
-- TOC entry 2468 (class 0 OID 0)
-- Dependencies: 176
-- Name: SEQUENCE genero_id_seq; Type: COMMENT; Schema: public; Owner: postgres
--

COMMENT ON SEQUENCE genero_id_seq IS 'DbWrench Autogenerated Sequence.';


--
-- TOC entry 207 (class 1259 OID 73364)
-- Name: genero; Type: TABLE; Schema: public; Owner: postgres; Tablespace: 
--

CREATE TABLE genero (
    id bigint DEFAULT nextval('genero_id_seq'::regclass) NOT NULL,
    descripcion character varying(6) NOT NULL,
    created_at timestamp without time zone DEFAULT now() NOT NULL,
    updated_at timestamp without time zone DEFAULT now() NOT NULL,
    deleted_at timestamp without time zone
);


ALTER TABLE public.genero OWNER TO postgres;

--
-- TOC entry 187 (class 1259 OID 73279)
-- Name: hoja_vida_id_seq; Type: SEQUENCE; Schema: public; Owner: postgres
--

CREATE SEQUENCE hoja_vida_id_seq
    START WITH 1
    INCREMENT BY 1
    NO MINVALUE
    NO MAXVALUE
    CACHE 1;


ALTER TABLE public.hoja_vida_id_seq OWNER TO postgres;

--
-- TOC entry 2469 (class 0 OID 0)
-- Dependencies: 187
-- Name: SEQUENCE hoja_vida_id_seq; Type: COMMENT; Schema: public; Owner: postgres
--

COMMENT ON SEQUENCE hoja_vida_id_seq IS 'DbWrench Autogenerated Sequence.';


--
-- TOC entry 218 (class 1259 OID 73452)
-- Name: hoja_vida; Type: TABLE; Schema: public; Owner: postgres; Tablespace: 
--

CREATE TABLE hoja_vida (
    id bigint DEFAULT nextval('hoja_vida_id_seq'::regclass) NOT NULL,
    genero_id bigint NOT NULL,
    fecha_nacimiento date NOT NULL,
    raza_id bigint NOT NULL,
    lote_id bigint NOT NULL,
    estado_id bigint NOT NULL,
    nombre_cerdo character varying(10) NOT NULL,
    created_at timestamp without time zone DEFAULT now() NOT NULL,
    updated_at timestamp without time zone DEFAULT now() NOT NULL,
    deleted_at timestamp without time zone
);


ALTER TABLE public.hoja_vida OWNER TO postgres;

--
-- TOC entry 180 (class 1259 OID 73265)
-- Name: insumo_id_seq; Type: SEQUENCE; Schema: public; Owner: postgres
--

CREATE SEQUENCE insumo_id_seq
    START WITH 1
    INCREMENT BY 1
    NO MINVALUE
    NO MAXVALUE
    CACHE 1;


ALTER TABLE public.insumo_id_seq OWNER TO postgres;

--
-- TOC entry 2470 (class 0 OID 0)
-- Dependencies: 180
-- Name: SEQUENCE insumo_id_seq; Type: COMMENT; Schema: public; Owner: postgres
--

COMMENT ON SEQUENCE insumo_id_seq IS 'DbWrench Autogenerated Sequence.';


--
-- TOC entry 211 (class 1259 OID 73396)
-- Name: insumo; Type: TABLE; Schema: public; Owner: postgres; Tablespace: 
--

CREATE TABLE insumo (
    id bigint DEFAULT nextval('insumo_id_seq'::regclass) NOT NULL,
    desc_insumo character varying(80) NOT NULL,
    tipo_insumo_id bigint NOT NULL,
    fecha_fabricacion date NOT NULL,
    fecha_vencimiento date NOT NULL,
    proveedor_id bigint NOT NULL,
    created_at timestamp without time zone DEFAULT now() NOT NULL,
    updated_at timestamp without time zone DEFAULT now() NOT NULL,
    deleted_at timestamp without time zone
);


ALTER TABLE public.insumo OWNER TO postgres;

--
-- TOC entry 200 (class 1259 OID 73305)
-- Name: inventario_id_seq; Type: SEQUENCE; Schema: public; Owner: postgres
--

CREATE SEQUENCE inventario_id_seq
    START WITH 1
    INCREMENT BY 1
    NO MINVALUE
    NO MAXVALUE
    CACHE 1;


ALTER TABLE public.inventario_id_seq OWNER TO postgres;

--
-- TOC entry 2471 (class 0 OID 0)
-- Dependencies: 200
-- Name: SEQUENCE inventario_id_seq; Type: COMMENT; Schema: public; Owner: postgres
--

COMMENT ON SEQUENCE inventario_id_seq IS 'DbWrench Autogenerated Sequence.';


--
-- TOC entry 231 (class 1259 OID 73558)
-- Name: inventario; Type: TABLE; Schema: public; Owner: postgres; Tablespace: 
--

CREATE TABLE inventario (
    id bigint DEFAULT nextval('inventario_id_seq'::regclass) NOT NULL,
    tipo_movimiento bigint NOT NULL,
    cantidad bigint NOT NULL,
    valor bigint NOT NULL,
    saldo bigint NOT NULL,
    tipo_doc_id bigint NOT NULL,
    insumo_id bigint NOT NULL,
    created_at timestamp without time zone DEFAULT now() NOT NULL,
    updated_at timestamp without time zone DEFAULT now() NOT NULL,
    deleted_at timestamp without time zone
);


ALTER TABLE public.inventario OWNER TO postgres;

--
-- TOC entry 183 (class 1259 OID 73271)
-- Name: lote_id_seq; Type: SEQUENCE; Schema: public; Owner: postgres
--

CREATE SEQUENCE lote_id_seq
    START WITH 1
    INCREMENT BY 1
    NO MINVALUE
    NO MAXVALUE
    CACHE 1;


ALTER TABLE public.lote_id_seq OWNER TO postgres;

--
-- TOC entry 2472 (class 0 OID 0)
-- Dependencies: 183
-- Name: SEQUENCE lote_id_seq; Type: COMMENT; Schema: public; Owner: postgres
--

COMMENT ON SEQUENCE lote_id_seq IS 'DbWrench Autogenerated Sequence.';


--
-- TOC entry 214 (class 1259 OID 73420)
-- Name: lote; Type: TABLE; Schema: public; Owner: postgres; Tablespace: 
--

CREATE TABLE lote (
    id bigint DEFAULT nextval('lote_id_seq'::regclass) NOT NULL,
    desc_lote character varying(80) NOT NULL,
    ubicacion character varying(80) NOT NULL,
    created_at timestamp without time zone DEFAULT now() NOT NULL,
    updated_at timestamp without time zone DEFAULT now() NOT NULL,
    deleted_at timestamp without time zone
);


ALTER TABLE public.lote OWNER TO postgres;

--
-- TOC entry 193 (class 1259 OID 73291)
-- Name: parto_id_seq; Type: SEQUENCE; Schema: public; Owner: postgres
--

CREATE SEQUENCE parto_id_seq
    START WITH 1
    INCREMENT BY 1
    NO MINVALUE
    NO MAXVALUE
    CACHE 1;


ALTER TABLE public.parto_id_seq OWNER TO postgres;

--
-- TOC entry 2473 (class 0 OID 0)
-- Dependencies: 193
-- Name: SEQUENCE parto_id_seq; Type: COMMENT; Schema: public; Owner: postgres
--

COMMENT ON SEQUENCE parto_id_seq IS 'DbWrench Autogenerated Sequence.';


--
-- TOC entry 225 (class 1259 OID 73508)
-- Name: parto; Type: TABLE; Schema: public; Owner: postgres; Tablespace: 
--

CREATE TABLE parto (
    id bigint DEFAULT nextval('parto_id_seq'::regclass) NOT NULL,
    fecha_nacimiento character varying(10) NOT NULL,
    num_nacidos integer NOT NULL,
    num_vivos integer NOT NULL,
    num_muertos integer NOT NULL,
    num_hembras integer NOT NULL,
    num_machos integer NOT NULL,
    fecha_montada character varying(10) NOT NULL,
    id_padre character varying(12) NOT NULL,
    hoja_vida_id bigint NOT NULL,
    created_at timestamp without time zone DEFAULT now() NOT NULL,
    updated_at timestamp without time zone DEFAULT now() NOT NULL,
    deleted_at timestamp without time zone
);


ALTER TABLE public.parto OWNER TO postgres;

--
-- TOC entry 178 (class 1259 OID 73261)
-- Name: proveedor_id_seq; Type: SEQUENCE; Schema: public; Owner: postgres
--

CREATE SEQUENCE proveedor_id_seq
    START WITH 1
    INCREMENT BY 1
    NO MINVALUE
    NO MAXVALUE
    CACHE 1;


ALTER TABLE public.proveedor_id_seq OWNER TO postgres;

--
-- TOC entry 2474 (class 0 OID 0)
-- Dependencies: 178
-- Name: SEQUENCE proveedor_id_seq; Type: COMMENT; Schema: public; Owner: postgres
--

COMMENT ON SEQUENCE proveedor_id_seq IS 'DbWrench Autogenerated Sequence.';


--
-- TOC entry 209 (class 1259 OID 73380)
-- Name: proveedor; Type: TABLE; Schema: public; Owner: postgres; Tablespace: 
--

CREATE TABLE proveedor (
    id bigint DEFAULT nextval('proveedor_id_seq'::regclass) NOT NULL,
    nombre character varying(80) NOT NULL,
    apellido character varying(80) NOT NULL,
    direccion character varying(100) NOT NULL,
    correo character varying(50) NOT NULL,
    telefono character varying(12) NOT NULL,
    ciudad_id bigint NOT NULL,
    created_at timestamp without time zone DEFAULT now() NOT NULL,
    updated_at timestamp without time zone DEFAULT now() NOT NULL,
    deleted_at timestamp without time zone
);


ALTER TABLE public.proveedor OWNER TO postgres;

--
-- TOC entry 184 (class 1259 OID 73273)
-- Name: raza_id_seq; Type: SEQUENCE; Schema: public; Owner: postgres
--

CREATE SEQUENCE raza_id_seq
    START WITH 1
    INCREMENT BY 1
    NO MINVALUE
    NO MAXVALUE
    CACHE 1;


ALTER TABLE public.raza_id_seq OWNER TO postgres;

--
-- TOC entry 2475 (class 0 OID 0)
-- Dependencies: 184
-- Name: SEQUENCE raza_id_seq; Type: COMMENT; Schema: public; Owner: postgres
--

COMMENT ON SEQUENCE raza_id_seq IS 'DbWrench Autogenerated Sequence.';


--
-- TOC entry 215 (class 1259 OID 73428)
-- Name: raza; Type: TABLE; Schema: public; Owner: postgres; Tablespace: 
--

CREATE TABLE raza (
    id bigint DEFAULT nextval('raza_id_seq'::regclass) NOT NULL,
    desc_raza character varying(80) NOT NULL,
    created_at timestamp without time zone DEFAULT now() NOT NULL,
    updated_at timestamp without time zone DEFAULT now() NOT NULL,
    deleted_at timestamp without time zone
);


ALTER TABLE public.raza OWNER TO postgres;

--
-- TOC entry 172 (class 1259 OID 73249)
-- Name: recordar_me_id_seq; Type: SEQUENCE; Schema: public; Owner: postgres
--

CREATE SEQUENCE recordar_me_id_seq
    START WITH 1
    INCREMENT BY 1
    NO MINVALUE
    NO MAXVALUE
    CACHE 1;


ALTER TABLE public.recordar_me_id_seq OWNER TO postgres;

--
-- TOC entry 2476 (class 0 OID 0)
-- Dependencies: 172
-- Name: SEQUENCE recordar_me_id_seq; Type: COMMENT; Schema: public; Owner: postgres
--

COMMENT ON SEQUENCE recordar_me_id_seq IS 'DbWrench Autogenerated Sequence.';


--
-- TOC entry 203 (class 1259 OID 73327)
-- Name: recordar_me; Type: TABLE; Schema: public; Owner: postgres; Tablespace: 
--

CREATE TABLE recordar_me (
    id bigint DEFAULT nextval('recordar_me_id_seq'::regclass) NOT NULL,
    usuario_id bigint NOT NULL,
    ip_address character varying(50) NOT NULL,
    hash_cookie character varying(32) NOT NULL,
    created_at timestamp without time zone DEFAULT now() NOT NULL
);


ALTER TABLE public.recordar_me OWNER TO postgres;

--
-- TOC entry 198 (class 1259 OID 73301)
-- Name: reporte_id_seq; Type: SEQUENCE; Schema: public; Owner: postgres
--

CREATE SEQUENCE reporte_id_seq
    START WITH 1
    INCREMENT BY 1
    NO MINVALUE
    NO MAXVALUE
    CACHE 1;


ALTER TABLE public.reporte_id_seq OWNER TO postgres;

--
-- TOC entry 2477 (class 0 OID 0)
-- Dependencies: 198
-- Name: SEQUENCE reporte_id_seq; Type: COMMENT; Schema: public; Owner: postgres
--

COMMENT ON SEQUENCE reporte_id_seq IS 'DbWrench Autogenerated Sequence.';


--
-- TOC entry 230 (class 1259 OID 73548)
-- Name: reporte; Type: TABLE; Schema: public; Owner: postgres; Tablespace: 
--

CREATE TABLE reporte (
    id bigint DEFAULT nextval('reporte_id_seq'::regclass) NOT NULL,
    nombre character varying(400) NOT NULL,
    descripcion character varying(400) NOT NULL,
    direccion character varying(400) NOT NULL,
    created_at timestamp without time zone DEFAULT now() NOT NULL
);


ALTER TABLE public.reporte OWNER TO postgres;

--
-- TOC entry 190 (class 1259 OID 73285)
-- Name: sacrificio_venta_id_seq; Type: SEQUENCE; Schema: public; Owner: postgres
--

CREATE SEQUENCE sacrificio_venta_id_seq
    START WITH 1
    INCREMENT BY 1
    NO MINVALUE
    NO MAXVALUE
    CACHE 1;


ALTER TABLE public.sacrificio_venta_id_seq OWNER TO postgres;

--
-- TOC entry 222 (class 1259 OID 73484)
-- Name: sacrificio_venta; Type: TABLE; Schema: public; Owner: postgres; Tablespace: 
--

CREATE TABLE sacrificio_venta (
    id bigint DEFAULT nextval('sacrificio_venta_id_seq'::regclass) NOT NULL,
    valor bigint NOT NULL,
    cantidad bigint NOT NULL,
    unidad_medida_id bigint NOT NULL,
    tipo_venta_id bigint NOT NULL,
    id_cerdo bigint NOT NULL,
    created_at timestamp without time zone DEFAULT now() NOT NULL,
    updated_at timestamp without time zone DEFAULT now() NOT NULL,
    deleted_at timestamp without time zone
);


ALTER TABLE public.sacrificio_venta OWNER TO postgres;

--
-- TOC entry 196 (class 1259 OID 73297)
-- Name: salida_bodega_id_seq; Type: SEQUENCE; Schema: public; Owner: postgres
--

CREATE SEQUENCE salida_bodega_id_seq
    START WITH 1
    INCREMENT BY 1
    NO MINVALUE
    NO MAXVALUE
    CACHE 1;


ALTER TABLE public.salida_bodega_id_seq OWNER TO postgres;

--
-- TOC entry 2478 (class 0 OID 0)
-- Dependencies: 196
-- Name: SEQUENCE salida_bodega_id_seq; Type: COMMENT; Schema: public; Owner: postgres
--

COMMENT ON SEQUENCE salida_bodega_id_seq IS 'DbWrench Autogenerated Sequence.';


--
-- TOC entry 228 (class 1259 OID 73532)
-- Name: salida_bodega; Type: TABLE; Schema: public; Owner: postgres; Tablespace: 
--

CREATE TABLE salida_bodega (
    id bigint DEFAULT nextval('salida_bodega_id_seq'::regclass) NOT NULL,
    empleado_id bigint NOT NULL,
    created_at timestamp without time zone DEFAULT now() NOT NULL,
    updated_at timestamp without time zone DEFAULT now() NOT NULL,
    deleted_at timestamp without time zone
);


ALTER TABLE public.salida_bodega OWNER TO postgres;

--
-- TOC entry 191 (class 1259 OID 73287)
-- Name: tipo_doc_id_seq; Type: SEQUENCE; Schema: public; Owner: postgres
--

CREATE SEQUENCE tipo_doc_id_seq
    START WITH 1
    INCREMENT BY 1
    NO MINVALUE
    NO MAXVALUE
    CACHE 1;


ALTER TABLE public.tipo_doc_id_seq OWNER TO postgres;

--
-- TOC entry 2479 (class 0 OID 0)
-- Dependencies: 191
-- Name: SEQUENCE tipo_doc_id_seq; Type: COMMENT; Schema: public; Owner: postgres
--

COMMENT ON SEQUENCE tipo_doc_id_seq IS 'DbWrench Autogenerated Sequence.';


--
-- TOC entry 223 (class 1259 OID 73492)
-- Name: tipo_doc; Type: TABLE; Schema: public; Owner: postgres; Tablespace: 
--

CREATE TABLE tipo_doc (
    id bigint DEFAULT nextval('tipo_doc_id_seq'::regclass) NOT NULL,
    desc_tipo_doc character varying(20) NOT NULL,
    created_at timestamp without time zone DEFAULT now() NOT NULL,
    updated_at timestamp without time zone DEFAULT now() NOT NULL,
    deleted_at timestamp without time zone
);


ALTER TABLE public.tipo_doc OWNER TO postgres;

--
-- TOC entry 181 (class 1259 OID 73267)
-- Name: tipo_id_id_seq; Type: SEQUENCE; Schema: public; Owner: postgres
--

CREATE SEQUENCE tipo_id_id_seq
    START WITH 1
    INCREMENT BY 1
    NO MINVALUE
    NO MAXVALUE
    CACHE 1;


ALTER TABLE public.tipo_id_id_seq OWNER TO postgres;

--
-- TOC entry 2480 (class 0 OID 0)
-- Dependencies: 181
-- Name: SEQUENCE tipo_id_id_seq; Type: COMMENT; Schema: public; Owner: postgres
--

COMMENT ON SEQUENCE tipo_id_id_seq IS 'DbWrench Autogenerated Sequence.';


--
-- TOC entry 212 (class 1259 OID 73404)
-- Name: tipo_id; Type: TABLE; Schema: public; Owner: postgres; Tablespace: 
--

CREATE TABLE tipo_id (
    id bigint DEFAULT nextval('tipo_id_id_seq'::regclass) NOT NULL,
    desc_tipo_id character varying(60) NOT NULL,
    created_at timestamp without time zone DEFAULT now() NOT NULL,
    updated_at timestamp without time zone DEFAULT now() NOT NULL,
    deleted_at timestamp without time zone
);


ALTER TABLE public.tipo_id OWNER TO postgres;

--
-- TOC entry 179 (class 1259 OID 73263)
-- Name: tipo_insumo_id_seq; Type: SEQUENCE; Schema: public; Owner: postgres
--

CREATE SEQUENCE tipo_insumo_id_seq
    START WITH 1
    INCREMENT BY 1
    NO MINVALUE
    NO MAXVALUE
    CACHE 1;


ALTER TABLE public.tipo_insumo_id_seq OWNER TO postgres;

--
-- TOC entry 2481 (class 0 OID 0)
-- Dependencies: 179
-- Name: SEQUENCE tipo_insumo_id_seq; Type: COMMENT; Schema: public; Owner: postgres
--

COMMENT ON SEQUENCE tipo_insumo_id_seq IS 'DbWrench Autogenerated Sequence.';


--
-- TOC entry 210 (class 1259 OID 73388)
-- Name: tipo_insumo; Type: TABLE; Schema: public; Owner: postgres; Tablespace: 
--

CREATE TABLE tipo_insumo (
    id bigint DEFAULT nextval('tipo_insumo_id_seq'::regclass) NOT NULL,
    desc_tipoin character varying(80) NOT NULL,
    created_at timestamp without time zone DEFAULT now() NOT NULL,
    updated_at timestamp without time zone DEFAULT now() NOT NULL,
    deleted_at timestamp without time zone
);


ALTER TABLE public.tipo_insumo OWNER TO postgres;

--
-- TOC entry 188 (class 1259 OID 73281)
-- Name: tipo_venta_id_seq; Type: SEQUENCE; Schema: public; Owner: postgres
--

CREATE SEQUENCE tipo_venta_id_seq
    START WITH 1
    INCREMENT BY 1
    NO MINVALUE
    NO MAXVALUE
    CACHE 1;


ALTER TABLE public.tipo_venta_id_seq OWNER TO postgres;

--
-- TOC entry 220 (class 1259 OID 73468)
-- Name: tipo_venta; Type: TABLE; Schema: public; Owner: postgres; Tablespace: 
--

CREATE TABLE tipo_venta (
    id bigint DEFAULT nextval('tipo_venta_id_seq'::regclass) NOT NULL,
    desc_tipov character varying(80) NOT NULL,
    created_at timestamp without time zone DEFAULT now() NOT NULL,
    updated_at timestamp without time zone DEFAULT now() NOT NULL,
    deleted_at timestamp without time zone
);


ALTER TABLE public.tipo_venta OWNER TO postgres;

--
-- TOC entry 189 (class 1259 OID 73283)
-- Name: unidad_medida_id_seq; Type: SEQUENCE; Schema: public; Owner: postgres
--

CREATE SEQUENCE unidad_medida_id_seq
    START WITH 1
    INCREMENT BY 1
    NO MINVALUE
    NO MAXVALUE
    CACHE 1;


ALTER TABLE public.unidad_medida_id_seq OWNER TO postgres;

--
-- TOC entry 2482 (class 0 OID 0)
-- Dependencies: 189
-- Name: SEQUENCE unidad_medida_id_seq; Type: COMMENT; Schema: public; Owner: postgres
--

COMMENT ON SEQUENCE unidad_medida_id_seq IS 'DbWrench Autogenerated Sequence.';


--
-- TOC entry 221 (class 1259 OID 73476)
-- Name: unidad_medida; Type: TABLE; Schema: public; Owner: postgres; Tablespace: 
--

CREATE TABLE unidad_medida (
    id bigint DEFAULT nextval('unidad_medida_id_seq'::regclass) NOT NULL,
    descripcion character varying(50) NOT NULL,
    created_at timestamp without time zone DEFAULT now() NOT NULL,
    updated_at timestamp without time zone DEFAULT now() NOT NULL,
    deleted_at timestamp without time zone
);


ALTER TABLE public.unidad_medida OWNER TO postgres;

--
-- TOC entry 173 (class 1259 OID 73251)
-- Name: usuario_id_seq; Type: SEQUENCE; Schema: public; Owner: postgres
--

CREATE SEQUENCE usuario_id_seq
    START WITH 1
    INCREMENT BY 1
    NO MINVALUE
    NO MAXVALUE
    CACHE 1;


ALTER TABLE public.usuario_id_seq OWNER TO postgres;

--
-- TOC entry 2483 (class 0 OID 0)
-- Dependencies: 173
-- Name: SEQUENCE usuario_id_seq; Type: COMMENT; Schema: public; Owner: postgres
--

COMMENT ON SEQUENCE usuario_id_seq IS 'DbWrench Autogenerated Sequence.';


--
-- TOC entry 204 (class 1259 OID 73336)
-- Name: usuario; Type: TABLE; Schema: public; Owner: postgres; Tablespace: 
--

CREATE TABLE usuario (
    id bigint DEFAULT nextval('usuario_id_seq'::regclass) NOT NULL,
    user_name character varying(80) NOT NULL,
    password character varying(32) NOT NULL,
    actived boolean DEFAULT true NOT NULL,
    last_login_at timestamp without time zone,
    created_at timestamp without time zone DEFAULT now() NOT NULL,
    updated_at timestamp without time zone DEFAULT now() NOT NULL,
    deleted_at timestamp without time zone
);


ALTER TABLE public.usuario OWNER TO postgres;

--
-- TOC entry 2484 (class 0 OID 0)
-- Dependencies: 204
-- Name: COLUMN usuario.actived; Type: COMMENT; Schema: public; Owner: postgres
--

COMMENT ON COLUMN usuario.actived IS 'TRUE = activado | FALSE = desactivado';


--
-- TOC entry 174 (class 1259 OID 73253)
-- Name: usuario_credencial_id_seq; Type: SEQUENCE; Schema: public; Owner: postgres
--

CREATE SEQUENCE usuario_credencial_id_seq
    START WITH 1
    INCREMENT BY 1
    NO MINVALUE
    NO MAXVALUE
    CACHE 1;


ALTER TABLE public.usuario_credencial_id_seq OWNER TO postgres;

--
-- TOC entry 2485 (class 0 OID 0)
-- Dependencies: 174
-- Name: SEQUENCE usuario_credencial_id_seq; Type: COMMENT; Schema: public; Owner: postgres
--

COMMENT ON SEQUENCE usuario_credencial_id_seq IS 'DbWrench Autogenerated Sequence.';


--
-- TOC entry 205 (class 1259 OID 73349)
-- Name: usuario_credencial; Type: TABLE; Schema: public; Owner: postgres; Tablespace: 
--

CREATE TABLE usuario_credencial (
    id bigint DEFAULT nextval('usuario_credencial_id_seq'::regclass) NOT NULL,
    usuario_id bigint NOT NULL,
    credencial_id bigint NOT NULL,
    created_at timestamp without time zone DEFAULT now() NOT NULL
);


ALTER TABLE public.usuario_credencial OWNER TO postgres;

--
-- TOC entry 192 (class 1259 OID 73289)
-- Name: vacunacion_id_seq; Type: SEQUENCE; Schema: public; Owner: postgres
--

CREATE SEQUENCE vacunacion_id_seq
    START WITH 1
    INCREMENT BY 1
    NO MINVALUE
    NO MAXVALUE
    CACHE 1;


ALTER TABLE public.vacunacion_id_seq OWNER TO postgres;

--
-- TOC entry 2486 (class 0 OID 0)
-- Dependencies: 192
-- Name: SEQUENCE vacunacion_id_seq; Type: COMMENT; Schema: public; Owner: postgres
--

COMMENT ON SEQUENCE vacunacion_id_seq IS 'DbWrench Autogenerated Sequence.';


--
-- TOC entry 224 (class 1259 OID 73500)
-- Name: vacunacion; Type: TABLE; Schema: public; Owner: postgres; Tablespace: 
--

CREATE TABLE vacunacion (
    id bigint DEFAULT nextval('vacunacion_id_seq'::regclass) NOT NULL,
    dosis character varying(6) NOT NULL,
    insumo_id bigint NOT NULL,
    id_cerdo bigint NOT NULL,
    created_at timestamp without time zone DEFAULT now() NOT NULL,
    updated_at timestamp without time zone DEFAULT now() NOT NULL,
    deleted_at timestamp without time zone
);


ALTER TABLE public.vacunacion OWNER TO postgres;

--
-- TOC entry 2420 (class 0 OID 73307)
-- Dependencies: 201
-- Data for Name: bitacora; Type: TABLE DATA; Schema: public; Owner: postgres
--

INSERT INTO bitacora (id, usuario_id, accion, tabla, registro, observacion, fecha) VALUES (1, 1, 'identificación', 'NINGUNA', NULL, NULL, '2015-09-03 15:56:14');
INSERT INTO bitacora (id, usuario_id, accion, tabla, registro, observacion, fecha) VALUES (2, 1, 'insertar', 'tipo_insumo', NULL, NULL, '2015-09-03 15:56:26');
INSERT INTO bitacora (id, usuario_id, accion, tabla, registro, observacion, fecha) VALUES (3, 1, 'insertar', 'insumo', NULL, NULL, '2015-09-03 15:56:44');
INSERT INTO bitacora (id, usuario_id, accion, tabla, registro, observacion, fecha) VALUES (4, 1, 'identificación', 'NINGUNA', NULL, NULL, '2015-09-04 14:14:59');
INSERT INTO bitacora (id, usuario_id, accion, tabla, registro, observacion, fecha) VALUES (5, 1, 'identificación', 'NINGUNA', NULL, NULL, '2015-09-04 14:22:09');
INSERT INTO bitacora (id, usuario_id, accion, tabla, registro, observacion, fecha) VALUES (6, 1, 'identificación', 'NINGUNA', NULL, NULL, '2015-09-04 14:24:06');
INSERT INTO bitacora (id, usuario_id, accion, tabla, registro, observacion, fecha) VALUES (7, 1, 'identificación', 'NINGUNA', NULL, NULL, '2015-09-04 14:31:14');
INSERT INTO bitacora (id, usuario_id, accion, tabla, registro, observacion, fecha) VALUES (8, 1, 'insertar', 'hoja_vida', NULL, NULL, '2015-09-04 14:33:39');
INSERT INTO bitacora (id, usuario_id, accion, tabla, registro, observacion, fecha) VALUES (9, 1, 'insertar', 'hoja_vida', NULL, NULL, '2015-09-04 14:34:10');
INSERT INTO bitacora (id, usuario_id, accion, tabla, registro, observacion, fecha) VALUES (10, 1, 'insertar', 'tipo_venta', NULL, NULL, '2015-09-04 14:38:20');
INSERT INTO bitacora (id, usuario_id, accion, tabla, registro, observacion, fecha) VALUES (11, 1, 'insertar', 'tipo_venta', NULL, NULL, '2015-09-04 14:38:25');
INSERT INTO bitacora (id, usuario_id, accion, tabla, registro, observacion, fecha) VALUES (12, 1, 'insertar', 'tipo_venta', NULL, NULL, '2015-09-04 14:38:30');
INSERT INTO bitacora (id, usuario_id, accion, tabla, registro, observacion, fecha) VALUES (13, 1, 'identificación', 'NINGUNA', NULL, NULL, '2015-09-04 15:23:10');
INSERT INTO bitacora (id, usuario_id, accion, tabla, registro, observacion, fecha) VALUES (14, 1, 'identificación', 'NINGUNA', NULL, NULL, '2015-09-04 16:25:27');
INSERT INTO bitacora (id, usuario_id, accion, tabla, registro, observacion, fecha) VALUES (15, 1, 'identificación', 'NINGUNA', NULL, NULL, '2015-09-04 16:30:40');
INSERT INTO bitacora (id, usuario_id, accion, tabla, registro, observacion, fecha) VALUES (16, 1, 'identificación', 'NINGUNA', NULL, NULL, '2015-09-04 17:41:08');
INSERT INTO bitacora (id, usuario_id, accion, tabla, registro, observacion, fecha) VALUES (17, 1, 'identificación', 'NINGUNA', NULL, NULL, '2015-09-05 15:13:34');
INSERT INTO bitacora (id, usuario_id, accion, tabla, registro, observacion, fecha) VALUES (18, 1, 'identificación', 'NINGUNA', NULL, NULL, '2015-09-06 11:06:48');
INSERT INTO bitacora (id, usuario_id, accion, tabla, registro, observacion, fecha) VALUES (19, 1, 'identificación', 'NINGUNA', NULL, NULL, '2015-09-06 14:48:30');
INSERT INTO bitacora (id, usuario_id, accion, tabla, registro, observacion, fecha) VALUES (20, 1, 'identificación', 'NINGUNA', NULL, NULL, '2015-09-06 15:41:07');
INSERT INTO bitacora (id, usuario_id, accion, tabla, registro, observacion, fecha) VALUES (21, 1, 'identificación', 'NINGUNA', NULL, NULL, '2015-09-06 16:12:17');
INSERT INTO bitacora (id, usuario_id, accion, tabla, registro, observacion, fecha) VALUES (22, 1, 'identificación', 'NINGUNA', NULL, NULL, '2015-09-06 16:27:10');
INSERT INTO bitacora (id, usuario_id, accion, tabla, registro, observacion, fecha) VALUES (23, 1, 'identificación', 'NINGUNA', NULL, NULL, '2015-09-06 16:30:38');
INSERT INTO bitacora (id, usuario_id, accion, tabla, registro, observacion, fecha) VALUES (24, 1, 'identificación', 'NINGUNA', NULL, NULL, '2015-09-06 17:05:07');
INSERT INTO bitacora (id, usuario_id, accion, tabla, registro, observacion, fecha) VALUES (25, 1, 'identificación', 'NINGUNA', NULL, NULL, '2015-09-06 20:26:20');
INSERT INTO bitacora (id, usuario_id, accion, tabla, registro, observacion, fecha) VALUES (26, 1, 'identificación', 'NINGUNA', NULL, NULL, '2015-09-07 08:49:34');
INSERT INTO bitacora (id, usuario_id, accion, tabla, registro, observacion, fecha) VALUES (27, 1, 'identificación', 'NINGUNA', NULL, NULL, '2015-09-07 08:50:39');
INSERT INTO bitacora (id, usuario_id, accion, tabla, registro, observacion, fecha) VALUES (28, 1, 'identificación', 'NINGUNA', NULL, NULL, '2015-09-07 14:16:05');
INSERT INTO bitacora (id, usuario_id, accion, tabla, registro, observacion, fecha) VALUES (29, 1, 'identificación', 'NINGUNA', NULL, NULL, '2015-09-07 19:37:22');
INSERT INTO bitacora (id, usuario_id, accion, tabla, registro, observacion, fecha) VALUES (30, 1, 'identificación', 'NINGUNA', NULL, NULL, '2015-09-07 20:51:15');
INSERT INTO bitacora (id, usuario_id, accion, tabla, registro, observacion, fecha) VALUES (31, 1, 'identificación', 'NINGUNA', NULL, NULL, '2015-09-09 09:45:10');
INSERT INTO bitacora (id, usuario_id, accion, tabla, registro, observacion, fecha) VALUES (32, 1, 'identificación', 'NINGUNA', NULL, NULL, '2015-09-09 09:46:05');
INSERT INTO bitacora (id, usuario_id, accion, tabla, registro, observacion, fecha) VALUES (33, 1, 'identificación', 'NINGUNA', NULL, NULL, '2015-09-09 10:04:57');
INSERT INTO bitacora (id, usuario_id, accion, tabla, registro, observacion, fecha) VALUES (34, 1, 'identificación', 'NINGUNA', NULL, NULL, '2015-09-09 10:14:45');
INSERT INTO bitacora (id, usuario_id, accion, tabla, registro, observacion, fecha) VALUES (35, 1, 'identificación', 'NINGUNA', NULL, NULL, '2015-09-09 10:26:08');
INSERT INTO bitacora (id, usuario_id, accion, tabla, registro, observacion, fecha) VALUES (36, 1, 'editar', 'insumo', NULL, NULL, '2015-09-09 10:27:25');
INSERT INTO bitacora (id, usuario_id, accion, tabla, registro, observacion, fecha) VALUES (37, 1, 'insertar', 'insumo', NULL, NULL, '2015-09-09 10:28:09');
INSERT INTO bitacora (id, usuario_id, accion, tabla, registro, observacion, fecha) VALUES (38, 1, 'identificación', 'NINGUNA', NULL, NULL, '2015-09-09 10:28:57');
INSERT INTO bitacora (id, usuario_id, accion, tabla, registro, observacion, fecha) VALUES (39, 1, 'identificación', 'NINGUNA', NULL, NULL, '2015-09-09 10:36:18');
INSERT INTO bitacora (id, usuario_id, accion, tabla, registro, observacion, fecha) VALUES (40, 1, 'insertar', 'proveedor', NULL, NULL, '2015-09-09 10:39:34');
INSERT INTO bitacora (id, usuario_id, accion, tabla, registro, observacion, fecha) VALUES (41, 1, 'identificación', 'NINGUNA', NULL, NULL, '2015-09-09 16:02:21');
INSERT INTO bitacora (id, usuario_id, accion, tabla, registro, observacion, fecha) VALUES (42, 1, 'identificación', 'NINGUNA', NULL, NULL, '2015-09-09 16:29:34');
INSERT INTO bitacora (id, usuario_id, accion, tabla, registro, observacion, fecha) VALUES (43, 1, 'identificación', 'NINGUNA', NULL, NULL, '2015-09-09 16:29:56');
INSERT INTO bitacora (id, usuario_id, accion, tabla, registro, observacion, fecha) VALUES (44, 1, 'identificación', 'NINGUNA', NULL, NULL, '2015-09-09 19:05:30');
INSERT INTO bitacora (id, usuario_id, accion, tabla, registro, observacion, fecha) VALUES (45, 1, 'identificación', 'NINGUNA', NULL, NULL, '2015-09-10 10:54:10');
INSERT INTO bitacora (id, usuario_id, accion, tabla, registro, observacion, fecha) VALUES (46, 1, 'identificación', 'NINGUNA', NULL, NULL, '2015-09-10 14:34:54');
INSERT INTO bitacora (id, usuario_id, accion, tabla, registro, observacion, fecha) VALUES (47, 1, 'identificación', 'NINGUNA', NULL, NULL, '2015-09-10 15:22:27');
INSERT INTO bitacora (id, usuario_id, accion, tabla, registro, observacion, fecha) VALUES (48, 1, 'identificación', 'NINGUNA', NULL, NULL, '2015-09-11 10:31:56');
INSERT INTO bitacora (id, usuario_id, accion, tabla, registro, observacion, fecha) VALUES (49, 1, 'identificación', 'NINGUNA', NULL, NULL, '2015-09-11 13:23:03');
INSERT INTO bitacora (id, usuario_id, accion, tabla, registro, observacion, fecha) VALUES (50, 1, 'identificación', 'NINGUNA', NULL, NULL, '2015-09-11 15:12:56');
INSERT INTO bitacora (id, usuario_id, accion, tabla, registro, observacion, fecha) VALUES (51, 1, 'identificación', 'NINGUNA', NULL, NULL, '2015-09-11 15:13:01');
INSERT INTO bitacora (id, usuario_id, accion, tabla, registro, observacion, fecha) VALUES (52, 1, 'identificación', 'NINGUNA', NULL, NULL, '2015-09-11 15:28:05');
INSERT INTO bitacora (id, usuario_id, accion, tabla, registro, observacion, fecha) VALUES (53, 1, 'identificación', 'NINGUNA', NULL, NULL, '2015-09-11 15:54:47');
INSERT INTO bitacora (id, usuario_id, accion, tabla, registro, observacion, fecha) VALUES (54, 1, 'identificación', 'NINGUNA', NULL, NULL, '2015-09-11 17:24:38');
INSERT INTO bitacora (id, usuario_id, accion, tabla, registro, observacion, fecha) VALUES (55, 1, 'identificación', 'NINGUNA', NULL, NULL, '2015-09-11 17:29:28');
INSERT INTO bitacora (id, usuario_id, accion, tabla, registro, observacion, fecha) VALUES (56, 1, 'identificación', 'NINGUNA', NULL, NULL, '2015-09-11 17:49:37');
INSERT INTO bitacora (id, usuario_id, accion, tabla, registro, observacion, fecha) VALUES (57, 1, 'insertar', 'tipo_insumo', NULL, NULL, '2015-09-11 18:00:16');
INSERT INTO bitacora (id, usuario_id, accion, tabla, registro, observacion, fecha) VALUES (58, 1, 'identificación', 'NINGUNA', NULL, NULL, '2015-09-11 18:04:02');
INSERT INTO bitacora (id, usuario_id, accion, tabla, registro, observacion, fecha) VALUES (59, 1, 'identificación', 'NINGUNA', NULL, NULL, '2015-09-11 18:07:44');
INSERT INTO bitacora (id, usuario_id, accion, tabla, registro, observacion, fecha) VALUES (60, 1, 'identificación', 'NINGUNA', NULL, NULL, '2015-09-11 18:16:57');
INSERT INTO bitacora (id, usuario_id, accion, tabla, registro, observacion, fecha) VALUES (61, 1, 'identificación', 'NINGUNA', NULL, NULL, '2015-09-12 11:27:47');
INSERT INTO bitacora (id, usuario_id, accion, tabla, registro, observacion, fecha) VALUES (62, 1, 'identificación', 'NINGUNA', NULL, NULL, '2015-09-12 11:28:06');
INSERT INTO bitacora (id, usuario_id, accion, tabla, registro, observacion, fecha) VALUES (63, 1, 'identificación', 'NINGUNA', NULL, NULL, '2015-09-12 14:04:22');
INSERT INTO bitacora (id, usuario_id, accion, tabla, registro, observacion, fecha) VALUES (64, 1, 'identificación', 'NINGUNA', NULL, NULL, '2015-09-12 14:31:24');
INSERT INTO bitacora (id, usuario_id, accion, tabla, registro, observacion, fecha) VALUES (65, 1, 'identificación', 'NINGUNA', NULL, NULL, '2015-09-12 14:32:29');
INSERT INTO bitacora (id, usuario_id, accion, tabla, registro, observacion, fecha) VALUES (66, 1, 'identificación', 'NINGUNA', NULL, NULL, '2015-09-12 14:33:08');
INSERT INTO bitacora (id, usuario_id, accion, tabla, registro, observacion, fecha) VALUES (67, 1, 'identificación', 'NINGUNA', NULL, NULL, '2015-09-12 15:05:56');
INSERT INTO bitacora (id, usuario_id, accion, tabla, registro, observacion, fecha) VALUES (68, 1, 'identificación', 'NINGUNA', NULL, NULL, '2015-09-12 15:06:40');
INSERT INTO bitacora (id, usuario_id, accion, tabla, registro, observacion, fecha) VALUES (69, 1, 'identificación', 'NINGUNA', NULL, NULL, '2015-09-12 15:15:54');
INSERT INTO bitacora (id, usuario_id, accion, tabla, registro, observacion, fecha) VALUES (70, 1, 'identificación', 'NINGUNA', NULL, NULL, '2015-09-12 20:35:19');
INSERT INTO bitacora (id, usuario_id, accion, tabla, registro, observacion, fecha) VALUES (71, 1, 'identificación', 'NINGUNA', NULL, NULL, '2015-09-12 21:25:12');
INSERT INTO bitacora (id, usuario_id, accion, tabla, registro, observacion, fecha) VALUES (72, 1, 'identificación', 'NINGUNA', NULL, NULL, '2015-09-13 13:44:30');
INSERT INTO bitacora (id, usuario_id, accion, tabla, registro, observacion, fecha) VALUES (73, 1, 'identificación', 'NINGUNA', NULL, NULL, '2015-09-13 14:28:53');
INSERT INTO bitacora (id, usuario_id, accion, tabla, registro, observacion, fecha) VALUES (74, 1, 'identificación', 'NINGUNA', NULL, NULL, '2015-09-13 15:36:38');
INSERT INTO bitacora (id, usuario_id, accion, tabla, registro, observacion, fecha) VALUES (75, 1, 'identificación', 'NINGUNA', NULL, NULL, '2015-09-13 15:56:21');
INSERT INTO bitacora (id, usuario_id, accion, tabla, registro, observacion, fecha) VALUES (76, 1, 'identificación', 'NINGUNA', NULL, NULL, '2015-09-13 21:29:58');
INSERT INTO bitacora (id, usuario_id, accion, tabla, registro, observacion, fecha) VALUES (77, 1, 'identificación', 'NINGUNA', NULL, NULL, '2015-09-14 08:01:43');
INSERT INTO bitacora (id, usuario_id, accion, tabla, registro, observacion, fecha) VALUES (78, 1, 'salida del sistema', 'NINGUNA', NULL, NULL, '2015-09-14 09:10:24');
INSERT INTO bitacora (id, usuario_id, accion, tabla, registro, observacion, fecha) VALUES (79, 1, 'identificación', 'NINGUNA', NULL, NULL, '2015-09-14 09:10:40');
INSERT INTO bitacora (id, usuario_id, accion, tabla, registro, observacion, fecha) VALUES (80, 1, 'salida del sistema', 'NINGUNA', NULL, NULL, '2015-09-14 09:10:45');
INSERT INTO bitacora (id, usuario_id, accion, tabla, registro, observacion, fecha) VALUES (81, 1, 'salida del sistema', 'NINGUNA', NULL, NULL, '2015-09-14 09:10:56');
INSERT INTO bitacora (id, usuario_id, accion, tabla, registro, observacion, fecha) VALUES (82, 1, 'identificación', 'NINGUNA', NULL, NULL, '2015-09-14 09:11:10');
INSERT INTO bitacora (id, usuario_id, accion, tabla, registro, observacion, fecha) VALUES (83, 1, 'salida del sistema', 'NINGUNA', NULL, NULL, '2015-09-14 09:11:39');
INSERT INTO bitacora (id, usuario_id, accion, tabla, registro, observacion, fecha) VALUES (84, 1, 'identificación', 'NINGUNA', NULL, NULL, '2015-09-14 09:11:46');
INSERT INTO bitacora (id, usuario_id, accion, tabla, registro, observacion, fecha) VALUES (85, 1, 'salida del sistema', 'NINGUNA', NULL, NULL, '2015-09-14 09:12:08');
INSERT INTO bitacora (id, usuario_id, accion, tabla, registro, observacion, fecha) VALUES (86, 1, 'identificación', 'NINGUNA', NULL, NULL, '2015-09-14 09:12:12');
INSERT INTO bitacora (id, usuario_id, accion, tabla, registro, observacion, fecha) VALUES (87, 1, 'salida del sistema', 'NINGUNA', NULL, NULL, '2015-09-14 09:12:16');
INSERT INTO bitacora (id, usuario_id, accion, tabla, registro, observacion, fecha) VALUES (88, 1, 'identificación', 'NINGUNA', NULL, NULL, '2015-09-14 09:14:54');
INSERT INTO bitacora (id, usuario_id, accion, tabla, registro, observacion, fecha) VALUES (89, 1, 'salida del sistema', 'NINGUNA', NULL, NULL, '2015-09-14 09:14:57');
INSERT INTO bitacora (id, usuario_id, accion, tabla, registro, observacion, fecha) VALUES (90, 1, 'identificación', 'NINGUNA', NULL, NULL, '2015-09-14 09:15:33');
INSERT INTO bitacora (id, usuario_id, accion, tabla, registro, observacion, fecha) VALUES (91, 1, 'identificación', 'NINGUNA', NULL, NULL, '2015-09-14 09:16:08');
INSERT INTO bitacora (id, usuario_id, accion, tabla, registro, observacion, fecha) VALUES (92, 1, 'salida del sistema', 'NINGUNA', NULL, NULL, '2015-09-14 09:18:32');
INSERT INTO bitacora (id, usuario_id, accion, tabla, registro, observacion, fecha) VALUES (93, 1, 'identificación', 'NINGUNA', NULL, NULL, '2015-09-14 09:18:39');
INSERT INTO bitacora (id, usuario_id, accion, tabla, registro, observacion, fecha) VALUES (94, 1, 'identificación', 'NINGUNA', NULL, NULL, '2015-09-14 09:41:01');
INSERT INTO bitacora (id, usuario_id, accion, tabla, registro, observacion, fecha) VALUES (95, 1, 'identificación', 'NINGUNA', NULL, NULL, '2015-09-14 12:09:12');
INSERT INTO bitacora (id, usuario_id, accion, tabla, registro, observacion, fecha) VALUES (96, 1, 'identificación', 'NINGUNA', NULL, NULL, '2015-09-14 14:04:34');
INSERT INTO bitacora (id, usuario_id, accion, tabla, registro, observacion, fecha) VALUES (97, 1, 'identificación', 'NINGUNA', NULL, NULL, '2015-09-14 14:06:17');
INSERT INTO bitacora (id, usuario_id, accion, tabla, registro, observacion, fecha) VALUES (98, 1, 'insertar', 'proveedor', NULL, NULL, '2015-09-14 15:35:22');
INSERT INTO bitacora (id, usuario_id, accion, tabla, registro, observacion, fecha) VALUES (99, 1, 'identificación', 'NINGUNA', NULL, NULL, '2015-09-15 14:29:35');
INSERT INTO bitacora (id, usuario_id, accion, tabla, registro, observacion, fecha) VALUES (100, 1, 'identificación', 'NINGUNA', NULL, NULL, '2015-09-15 16:00:15');
INSERT INTO bitacora (id, usuario_id, accion, tabla, registro, observacion, fecha) VALUES (101, 1, 'identificación', 'NINGUNA', NULL, NULL, '2015-09-15 16:22:50');
INSERT INTO bitacora (id, usuario_id, accion, tabla, registro, observacion, fecha) VALUES (102, 1, 'identificación', 'NINGUNA', NULL, NULL, '2015-09-15 16:28:18');
INSERT INTO bitacora (id, usuario_id, accion, tabla, registro, observacion, fecha) VALUES (103, 1, 'identificación', 'NINGUNA', NULL, NULL, '2015-09-15 16:31:28');
INSERT INTO bitacora (id, usuario_id, accion, tabla, registro, observacion, fecha) VALUES (104, 1, 'identificación', 'NINGUNA', NULL, NULL, '2015-09-15 16:31:37');
INSERT INTO bitacora (id, usuario_id, accion, tabla, registro, observacion, fecha) VALUES (105, 1, 'insertar', 'hoja_vida', NULL, NULL, '2015-09-15 16:44:54');
INSERT INTO bitacora (id, usuario_id, accion, tabla, registro, observacion, fecha) VALUES (106, 1, 'insertar', 'hoja_vida', NULL, NULL, '2015-09-15 16:45:29');
INSERT INTO bitacora (id, usuario_id, accion, tabla, registro, observacion, fecha) VALUES (107, 1, 'insertar', 'hoja_vida', NULL, NULL, '2015-09-15 16:47:00');
INSERT INTO bitacora (id, usuario_id, accion, tabla, registro, observacion, fecha) VALUES (108, 1, 'insertar', 'hoja_vida', NULL, NULL, '2015-09-15 16:50:20');
INSERT INTO bitacora (id, usuario_id, accion, tabla, registro, observacion, fecha) VALUES (109, 1, 'insertar', 'hoja_vida', NULL, NULL, '2015-09-15 17:01:33');
INSERT INTO bitacora (id, usuario_id, accion, tabla, registro, observacion, fecha) VALUES (110, 1, 'insertar', 'hoja_vida', NULL, NULL, '2015-09-15 17:03:01');
INSERT INTO bitacora (id, usuario_id, accion, tabla, registro, observacion, fecha) VALUES (111, 1, 'insertar', 'hoja_vida', NULL, NULL, '2015-09-15 17:06:30');
INSERT INTO bitacora (id, usuario_id, accion, tabla, registro, observacion, fecha) VALUES (112, 1, 'insertar', 'hoja_vida', NULL, NULL, '2015-09-15 17:12:19');
INSERT INTO bitacora (id, usuario_id, accion, tabla, registro, observacion, fecha) VALUES (113, 1, 'insertar', 'hoja_vida', NULL, NULL, '2015-09-15 17:13:39');
INSERT INTO bitacora (id, usuario_id, accion, tabla, registro, observacion, fecha) VALUES (114, 1, 'insertar', 'hoja_vida', NULL, NULL, '2015-09-15 17:15:20');
INSERT INTO bitacora (id, usuario_id, accion, tabla, registro, observacion, fecha) VALUES (115, 1, 'insertar', 'hoja_vida', NULL, NULL, '2015-09-15 17:21:21');
INSERT INTO bitacora (id, usuario_id, accion, tabla, registro, observacion, fecha) VALUES (116, 1, 'insertar', 'hoja_vida', NULL, NULL, '2015-09-15 17:22:16');
INSERT INTO bitacora (id, usuario_id, accion, tabla, registro, observacion, fecha) VALUES (117, 1, 'editar', 'insumo', NULL, NULL, '2015-09-15 17:47:23');
INSERT INTO bitacora (id, usuario_id, accion, tabla, registro, observacion, fecha) VALUES (118, 1, 'editar', 'insumo', NULL, NULL, '2015-09-15 17:47:36');
INSERT INTO bitacora (id, usuario_id, accion, tabla, registro, observacion, fecha) VALUES (119, 1, 'identificación', 'NINGUNA', NULL, NULL, '2015-09-15 18:01:01');
INSERT INTO bitacora (id, usuario_id, accion, tabla, registro, observacion, fecha) VALUES (120, 1, 'identificación', 'NINGUNA', NULL, NULL, '2015-09-15 18:07:56');
INSERT INTO bitacora (id, usuario_id, accion, tabla, registro, observacion, fecha) VALUES (121, 1, 'editar', 'tipo_venta', NULL, NULL, '2015-09-15 18:17:26');
INSERT INTO bitacora (id, usuario_id, accion, tabla, registro, observacion, fecha) VALUES (122, 1, 'editar', 'tipo_venta', NULL, NULL, '2015-09-15 18:17:36');
INSERT INTO bitacora (id, usuario_id, accion, tabla, registro, observacion, fecha) VALUES (123, 1, 'editar', 'tipo_venta', NULL, NULL, '2015-09-15 18:17:51');
INSERT INTO bitacora (id, usuario_id, accion, tabla, registro, observacion, fecha) VALUES (124, 1, 'identificación', 'NINGUNA', NULL, NULL, '2015-09-15 18:23:53');
INSERT INTO bitacora (id, usuario_id, accion, tabla, registro, observacion, fecha) VALUES (125, 1, 'identificación', 'NINGUNA', NULL, NULL, '2015-09-15 18:25:27');
INSERT INTO bitacora (id, usuario_id, accion, tabla, registro, observacion, fecha) VALUES (126, 1, 'identificación', 'NINGUNA', NULL, NULL, '2015-09-15 19:12:52');
INSERT INTO bitacora (id, usuario_id, accion, tabla, registro, observacion, fecha) VALUES (127, 1, 'identificación', 'NINGUNA', NULL, NULL, '2015-09-16 09:00:08');
INSERT INTO bitacora (id, usuario_id, accion, tabla, registro, observacion, fecha) VALUES (128, 1, 'editar', 'insumo', NULL, NULL, '2015-09-16 09:42:10');
INSERT INTO bitacora (id, usuario_id, accion, tabla, registro, observacion, fecha) VALUES (129, 1, 'identificación', 'NINGUNA', NULL, NULL, '2015-09-16 10:20:40');
INSERT INTO bitacora (id, usuario_id, accion, tabla, registro, observacion, fecha) VALUES (130, 1, 'identificación', 'NINGUNA', NULL, NULL, '2015-09-16 11:03:13');
INSERT INTO bitacora (id, usuario_id, accion, tabla, registro, observacion, fecha) VALUES (131, 1, 'identificación', 'NINGUNA', NULL, NULL, '2015-09-16 12:21:15');
INSERT INTO bitacora (id, usuario_id, accion, tabla, registro, observacion, fecha) VALUES (132, 1, 'identificación', 'NINGUNA', NULL, NULL, '2015-09-16 15:57:07');
INSERT INTO bitacora (id, usuario_id, accion, tabla, registro, observacion, fecha) VALUES (133, 1, 'identificación', 'NINGUNA', NULL, NULL, '2015-09-16 16:13:39');
INSERT INTO bitacora (id, usuario_id, accion, tabla, registro, observacion, fecha) VALUES (134, 1, 'identificación', 'NINGUNA', NULL, NULL, '2015-09-16 16:13:49');
INSERT INTO bitacora (id, usuario_id, accion, tabla, registro, observacion, fecha) VALUES (135, 1, 'insertar', 'insumo', NULL, NULL, '2015-09-16 17:28:02');
INSERT INTO bitacora (id, usuario_id, accion, tabla, registro, observacion, fecha) VALUES (136, 1, 'insertar', 'insumo', NULL, NULL, '2015-09-16 17:28:23');
INSERT INTO bitacora (id, usuario_id, accion, tabla, registro, observacion, fecha) VALUES (137, 1, 'identificación', 'NINGUNA', NULL, NULL, '2015-09-16 17:55:11');
INSERT INTO bitacora (id, usuario_id, accion, tabla, registro, observacion, fecha) VALUES (138, 1, 'identificación', 'NINGUNA', NULL, NULL, '2015-09-17 10:58:06');
INSERT INTO bitacora (id, usuario_id, accion, tabla, registro, observacion, fecha) VALUES (139, 1, 'identificación', 'NINGUNA', NULL, NULL, '2015-09-17 11:18:59');
INSERT INTO bitacora (id, usuario_id, accion, tabla, registro, observacion, fecha) VALUES (140, 1, 'identificación', 'NINGUNA', NULL, NULL, '2015-09-17 11:35:48');
INSERT INTO bitacora (id, usuario_id, accion, tabla, registro, observacion, fecha) VALUES (141, 1, 'identificación', 'NINGUNA', NULL, NULL, '2015-09-17 11:36:15');
INSERT INTO bitacora (id, usuario_id, accion, tabla, registro, observacion, fecha) VALUES (142, 1, 'identificación', 'NINGUNA', NULL, NULL, '2015-09-17 11:39:33');
INSERT INTO bitacora (id, usuario_id, accion, tabla, registro, observacion, fecha) VALUES (143, 1, 'identificación', 'NINGUNA', NULL, NULL, '2015-09-17 12:03:32');
INSERT INTO bitacora (id, usuario_id, accion, tabla, registro, observacion, fecha) VALUES (144, 1, 'identificación', 'NINGUNA', NULL, NULL, '2015-09-17 14:21:38');
INSERT INTO bitacora (id, usuario_id, accion, tabla, registro, observacion, fecha) VALUES (145, 1, 'identificación', 'NINGUNA', NULL, NULL, '2015-09-17 15:54:29');
INSERT INTO bitacora (id, usuario_id, accion, tabla, registro, observacion, fecha) VALUES (146, 1, 'identificación', 'NINGUNA', NULL, NULL, '2015-09-17 17:29:38');
INSERT INTO bitacora (id, usuario_id, accion, tabla, registro, observacion, fecha) VALUES (147, 1, 'identificación', 'NINGUNA', NULL, NULL, '2015-09-17 17:40:57');
INSERT INTO bitacora (id, usuario_id, accion, tabla, registro, observacion, fecha) VALUES (148, 1, 'identificación', 'NINGUNA', NULL, NULL, '2015-09-17 18:45:33');


--
-- TOC entry 2487 (class 0 OID 0)
-- Dependencies: 170
-- Name: bitacora_id_seq; Type: SEQUENCE SET; Schema: public; Owner: postgres
--

SELECT pg_catalog.setval('bitacora_id_seq', 148, true);


--
-- TOC entry 2427 (class 0 OID 73372)
-- Dependencies: 208
-- Data for Name: ciudad; Type: TABLE DATA; Schema: public; Owner: postgres
--

INSERT INTO ciudad (id, nom_ciudad, depto_id, created_at, updated_at, deleted_at) VALUES (3, 'Pradera', 1, '2015-09-12 20:36:32.927171', '2015-09-12 20:36:32.927171', NULL);
INSERT INTO ciudad (id, nom_ciudad, depto_id, created_at, updated_at, deleted_at) VALUES (2, 'Cali', 1, '2015-09-03 15:54:05.888266', '2015-09-03 15:54:05.888266', NULL);
INSERT INTO ciudad (id, nom_ciudad, depto_id, created_at, updated_at, deleted_at) VALUES (4, 'Florida', 1, '2015-09-16 18:24:23.371345', '2015-09-16 18:24:23.371345', NULL);


--
-- TOC entry 2488 (class 0 OID 0)
-- Dependencies: 177
-- Name: ciudad_id_seq; Type: SEQUENCE SET; Schema: public; Owner: postgres
--

SELECT pg_catalog.setval('ciudad_id_seq', 4, true);


--
-- TOC entry 2436 (class 0 OID 73444)
-- Dependencies: 217
-- Data for Name: control_peso; Type: TABLE DATA; Schema: public; Owner: postgres
--



--
-- TOC entry 2489 (class 0 OID 0)
-- Dependencies: 186
-- Name: control_peso_id_seq; Type: SEQUENCE SET; Schema: public; Owner: postgres
--

SELECT pg_catalog.setval('control_peso_id_seq', 33, true);


--
-- TOC entry 2421 (class 0 OID 73319)
-- Dependencies: 202
-- Data for Name: credencial; Type: TABLE DATA; Schema: public; Owner: postgres
--

INSERT INTO credencial (id, nombre, created_at, updated_at, deleted_at) VALUES (1, 'admin', '2015-09-03 15:47:13.837593', '2015-09-03 15:47:13.837593', NULL);
INSERT INTO credencial (id, nombre, created_at, updated_at, deleted_at) VALUES (2, 'usuario', '2015-09-03 15:47:13.837593', '2015-09-03 15:47:13.837593', NULL);


--
-- TOC entry 2490 (class 0 OID 0)
-- Dependencies: 171
-- Name: credencial_id_seq; Type: SEQUENCE SET; Schema: public; Owner: postgres
--

SELECT pg_catalog.setval('credencial_id_seq', 2, true);


--
-- TOC entry 2425 (class 0 OID 73356)
-- Dependencies: 206
-- Data for Name: depto; Type: TABLE DATA; Schema: public; Owner: postgres
--

INSERT INTO depto (id, nom_depto, created_at, updated_at, deleted_at) VALUES (2, 'Antioquia', '2015-09-15 16:33:30.403702', '2015-09-15 16:33:30.403702', NULL);
INSERT INTO depto (id, nom_depto, created_at, updated_at, deleted_at) VALUES (1, 'Valle del cauca', '2015-09-03 15:53:52.672201', '2015-09-03 15:53:52.672201', NULL);
INSERT INTO depto (id, nom_depto, created_at, updated_at, deleted_at) VALUES (3, 'Arauca', '2015-09-16 09:07:02.304859', '2015-09-16 09:07:02.304859', NULL);
INSERT INTO depto (id, nom_depto, created_at, updated_at, deleted_at) VALUES (4, 'Atlantico', '2015-09-16 09:07:11.738896', '2015-09-16 09:07:11.738896', NULL);
INSERT INTO depto (id, nom_depto, created_at, updated_at, deleted_at) VALUES (5, 'Bolivar', '2015-09-16 09:07:20.661766', '2015-09-16 09:07:20.661766', NULL);
INSERT INTO depto (id, nom_depto, created_at, updated_at, deleted_at) VALUES (6, 'Boyaca', '2015-09-16 09:07:26.103519', '2015-09-16 09:07:26.103519', NULL);
INSERT INTO depto (id, nom_depto, created_at, updated_at, deleted_at) VALUES (7, 'Caldas', '2015-09-16 09:07:30.706038', '2015-09-16 09:07:30.706038', NULL);
INSERT INTO depto (id, nom_depto, created_at, updated_at, deleted_at) VALUES (8, 'Caqueta', '2015-09-16 09:07:36.592692', '2015-09-16 09:07:36.592692', NULL);
INSERT INTO depto (id, nom_depto, created_at, updated_at, deleted_at) VALUES (9, 'Casanare', '2015-09-16 09:07:46.714354', '2015-09-16 09:07:46.714354', NULL);
INSERT INTO depto (id, nom_depto, created_at, updated_at, deleted_at) VALUES (10, 'Cauca', '2015-09-16 09:07:52.125938', '2015-09-16 09:07:52.125938', NULL);
INSERT INTO depto (id, nom_depto, created_at, updated_at, deleted_at) VALUES (11, 'Cesar', '2015-09-16 09:07:56.434888', '2015-09-16 09:07:56.434888', NULL);
INSERT INTO depto (id, nom_depto, created_at, updated_at, deleted_at) VALUES (12, 'Choco', '2015-09-16 09:08:02.661005', '2015-09-16 09:08:02.661005', NULL);
INSERT INTO depto (id, nom_depto, created_at, updated_at, deleted_at) VALUES (13, 'Cordoba', '2015-09-16 09:08:10.74141', '2015-09-16 09:08:10.74141', NULL);
INSERT INTO depto (id, nom_depto, created_at, updated_at, deleted_at) VALUES (14, 'Cundinamarca', '2015-09-16 09:08:21.331047', '2015-09-16 09:08:21.331047', NULL);
INSERT INTO depto (id, nom_depto, created_at, updated_at, deleted_at) VALUES (15, 'Guainia', '2015-09-16 09:08:28.250601', '2015-09-16 09:08:28.250601', NULL);
INSERT INTO depto (id, nom_depto, created_at, updated_at, deleted_at) VALUES (16, 'Guaviare', '2015-09-16 09:08:34.72662', '2015-09-16 09:08:34.72662', NULL);
INSERT INTO depto (id, nom_depto, created_at, updated_at, deleted_at) VALUES (17, 'Huila', '2015-09-16 09:08:38.8304', '2015-09-16 09:08:38.8304', NULL);
INSERT INTO depto (id, nom_depto, created_at, updated_at, deleted_at) VALUES (18, 'La Guajira', '2015-09-16 09:08:59.563446', '2015-09-16 09:08:59.563446', NULL);
INSERT INTO depto (id, nom_depto, created_at, updated_at, deleted_at) VALUES (19, 'Magdalena', '2015-09-16 09:09:06.737666', '2015-09-16 09:09:06.737666', NULL);
INSERT INTO depto (id, nom_depto, created_at, updated_at, deleted_at) VALUES (20, 'Meta', '2015-09-16 09:09:11.672997', '2015-09-16 09:09:11.672997', NULL);
INSERT INTO depto (id, nom_depto, created_at, updated_at, deleted_at) VALUES (21, 'Narino', '2015-09-16 09:09:19.24917', '2015-09-16 09:09:19.24917', NULL);
INSERT INTO depto (id, nom_depto, created_at, updated_at, deleted_at) VALUES (22, 'Norte De Santander', '2015-09-16 09:09:30.931622', '2015-09-16 09:09:30.931622', NULL);
INSERT INTO depto (id, nom_depto, created_at, updated_at, deleted_at) VALUES (23, 'Putumayo', '2015-09-16 09:09:37.482835', '2015-09-16 09:09:37.482835', NULL);
INSERT INTO depto (id, nom_depto, created_at, updated_at, deleted_at) VALUES (24, 'Quindio', '2015-09-16 09:09:42.3875', '2015-09-16 09:09:42.3875', NULL);
INSERT INTO depto (id, nom_depto, created_at, updated_at, deleted_at) VALUES (25, 'Risaralda', '2015-09-16 09:09:47.866653', '2015-09-16 09:09:47.866653', NULL);
INSERT INTO depto (id, nom_depto, created_at, updated_at, deleted_at) VALUES (26, 'San Andres Y Providencia', '2015-09-16 09:10:00.72009', '2015-09-16 09:10:00.72009', NULL);
INSERT INTO depto (id, nom_depto, created_at, updated_at, deleted_at) VALUES (27, 'Santander', '2015-09-16 09:10:06.184875', '2015-09-16 09:10:06.184875', NULL);
INSERT INTO depto (id, nom_depto, created_at, updated_at, deleted_at) VALUES (28, 'Sucre', '2015-09-16 09:10:12.048962', '2015-09-16 09:10:12.048962', NULL);
INSERT INTO depto (id, nom_depto, created_at, updated_at, deleted_at) VALUES (29, 'Tolima', '2015-09-16 09:10:16.200368', '2015-09-16 09:10:16.200368', NULL);
INSERT INTO depto (id, nom_depto, created_at, updated_at, deleted_at) VALUES (30, 'Amazonas', '2015-09-16 09:10:22.555779', '2015-09-16 09:10:22.555779', NULL);
INSERT INTO depto (id, nom_depto, created_at, updated_at, deleted_at) VALUES (31, 'Vaupes', '2015-09-16 09:10:29.457174', '2015-09-16 09:10:29.457174', NULL);
INSERT INTO depto (id, nom_depto, created_at, updated_at, deleted_at) VALUES (32, 'Valle Del Cauca', '2015-09-16 09:10:42.676236', '2015-09-16 09:10:42.676236', NULL);


--
-- TOC entry 2491 (class 0 OID 0)
-- Dependencies: 175
-- Name: depto_id_seq; Type: SEQUENCE SET; Schema: public; Owner: postgres
--

SELECT pg_catalog.setval('depto_id_seq', 32, true);


--
-- TOC entry 2446 (class 0 OID 73524)
-- Dependencies: 227
-- Data for Name: detalle_entrada; Type: TABLE DATA; Schema: public; Owner: postgres
--

INSERT INTO detalle_entrada (id, cantidad, valor, entrada_bodega_id, insumo_id, unidad_medida_id, created_at, updated_at, deleted_at) VALUES (2, 40, 50000, 1, 4, 2, '2015-09-09 10:28:26.120365', '2015-09-09 10:28:26.120365', NULL);
INSERT INTO detalle_entrada (id, cantidad, valor, entrada_bodega_id, insumo_id, unidad_medida_id, created_at, updated_at, deleted_at) VALUES (4, 1, 5000, 1, 3, 2, '2015-09-16 11:17:52.965886', '2015-09-16 11:17:52.965886', NULL);
INSERT INTO detalle_entrada (id, cantidad, valor, entrada_bodega_id, insumo_id, unidad_medida_id, created_at, updated_at, deleted_at) VALUES (1, 30, 10000, 1, 5, 1, '2015-09-09 10:26:37.935637', '2015-09-09 10:26:37.935637', NULL);
INSERT INTO detalle_entrada (id, cantidad, valor, entrada_bodega_id, insumo_id, unidad_medida_id, created_at, updated_at, deleted_at) VALUES (3, 40, 50000, 2, 4, 2, '2015-09-12 21:25:31.057609', '2015-09-12 21:25:31.057609', NULL);
INSERT INTO detalle_entrada (id, cantidad, valor, entrada_bodega_id, insumo_id, unidad_medida_id, created_at, updated_at, deleted_at) VALUES (5, 2, 5000, 2, 3, 1, '2015-09-16 17:33:29.019518', '2015-09-16 17:33:29.019518', NULL);
INSERT INTO detalle_entrada (id, cantidad, valor, entrada_bodega_id, insumo_id, unidad_medida_id, created_at, updated_at, deleted_at) VALUES (6, 30, 5000, 2, 6, 1, '2015-09-16 17:34:37.796317', '2015-09-16 17:34:37.796317', NULL);


--
-- TOC entry 2492 (class 0 OID 0)
-- Dependencies: 195
-- Name: detalle_entrada_id_seq; Type: SEQUENCE SET; Schema: public; Owner: postgres
--

SELECT pg_catalog.setval('detalle_entrada_id_seq', 6, true);


--
-- TOC entry 2438 (class 0 OID 73460)
-- Dependencies: 219
-- Data for Name: detalle_hoja; Type: TABLE DATA; Schema: public; Owner: postgres
--

INSERT INTO detalle_hoja (id, peso_cerdo, unidad_medida_id, hoja_vida_id, dosis, insumo_id, tipo_insumo_id, created_at, updated_at, deleted_at) VALUES (5, 32, 2, 3, 12, 3, 1, '2015-09-04 14:36:44.557322', '2015-09-04 14:36:44.557322', NULL);
INSERT INTO detalle_hoja (id, peso_cerdo, unidad_medida_id, hoja_vida_id, dosis, insumo_id, tipo_insumo_id, created_at, updated_at, deleted_at) VALUES (6, 52, 2, 3, 0, 2, 3, '2015-09-04 14:37:17.38458', '2015-09-04 14:37:17.38458', NULL);
INSERT INTO detalle_hoja (id, peso_cerdo, unidad_medida_id, hoja_vida_id, dosis, insumo_id, tipo_insumo_id, created_at, updated_at, deleted_at) VALUES (10, 30, 2, 5, 2, 3, 2, '2015-09-15 17:45:57.299534', '2015-09-15 17:45:57.299534', NULL);
INSERT INTO detalle_hoja (id, peso_cerdo, unidad_medida_id, hoja_vida_id, dosis, insumo_id, tipo_insumo_id, created_at, updated_at, deleted_at) VALUES (11, 50, 2, 5, 2, 3, 3, '2015-09-15 17:47:13.115026', '2015-09-15 17:47:13.115026', NULL);
INSERT INTO detalle_hoja (id, peso_cerdo, unidad_medida_id, hoja_vida_id, dosis, insumo_id, tipo_insumo_id, created_at, updated_at, deleted_at) VALUES (12, 62, 2, 5, 2, 3, 2, '2015-09-15 18:10:33.195201', '2015-09-15 18:10:33.195201', NULL);
INSERT INTO detalle_hoja (id, peso_cerdo, unidad_medida_id, hoja_vida_id, dosis, insumo_id, tipo_insumo_id, created_at, updated_at, deleted_at) VALUES (13, 30, 2, 9, 2, 3, 2, '2015-09-15 18:15:29.850089', '2015-09-15 18:15:29.850089', NULL);
INSERT INTO detalle_hoja (id, peso_cerdo, unidad_medida_id, hoja_vida_id, dosis, insumo_id, tipo_insumo_id, created_at, updated_at, deleted_at) VALUES (14, 50, 2, 9, 2, 3, 2, '2015-09-15 18:15:57.348055', '2015-09-15 18:15:57.348055', NULL);
INSERT INTO detalle_hoja (id, peso_cerdo, unidad_medida_id, hoja_vida_id, dosis, insumo_id, tipo_insumo_id, created_at, updated_at, deleted_at) VALUES (15, 70, 2, 9, 0, 2, 3, '2015-09-15 18:16:30.958762', '2015-09-15 18:16:30.958762', NULL);
INSERT INTO detalle_hoja (id, peso_cerdo, unidad_medida_id, hoja_vida_id, dosis, insumo_id, tipo_insumo_id, created_at, updated_at, deleted_at) VALUES (16, 30, 2, 11, 2, 4, 2, '2015-09-15 18:25:38.63362', '2015-09-15 18:25:38.63362', NULL);
INSERT INTO detalle_hoja (id, peso_cerdo, unidad_medida_id, hoja_vida_id, dosis, insumo_id, tipo_insumo_id, created_at, updated_at, deleted_at) VALUES (17, 50, 2, 11, 2, 4, 2, '2015-09-15 18:26:02.227106', '2015-09-15 18:26:02.227106', NULL);
INSERT INTO detalle_hoja (id, peso_cerdo, unidad_medida_id, hoja_vida_id, dosis, insumo_id, tipo_insumo_id, created_at, updated_at, deleted_at) VALUES (18, 60, 2, 11, 0, 2, 3, '2015-09-15 18:26:24.011937', '2015-09-15 18:26:24.011937', NULL);
INSERT INTO detalle_hoja (id, peso_cerdo, unidad_medida_id, hoja_vida_id, dosis, insumo_id, tipo_insumo_id, created_at, updated_at, deleted_at) VALUES (2, 30, 2, 2, 2, 3, 2, '2015-09-04 14:35:33.951381', '2015-09-04 14:35:33.951381', NULL);
INSERT INTO detalle_hoja (id, peso_cerdo, unidad_medida_id, hoja_vida_id, dosis, insumo_id, tipo_insumo_id, created_at, updated_at, deleted_at) VALUES (3, 50, 2, 2, 2, 3, 2, '2015-09-04 14:35:56.424671', '2015-09-04 14:35:56.424671', NULL);
INSERT INTO detalle_hoja (id, peso_cerdo, unidad_medida_id, hoja_vida_id, dosis, insumo_id, tipo_insumo_id, created_at, updated_at, deleted_at) VALUES (4, 100, 2, 2, 2, 3, 2, '2015-09-04 14:36:11.441929', '2015-09-04 14:36:11.441929', NULL);
INSERT INTO detalle_hoja (id, peso_cerdo, unidad_medida_id, hoja_vida_id, dosis, insumo_id, tipo_insumo_id, created_at, updated_at, deleted_at) VALUES (19, 30, 2, 12, 2, 3, 2, '2015-09-15 18:27:17.919235', '2015-09-15 18:27:17.919235', NULL);
INSERT INTO detalle_hoja (id, peso_cerdo, unidad_medida_id, hoja_vida_id, dosis, insumo_id, tipo_insumo_id, created_at, updated_at, deleted_at) VALUES (20, 50, 2, 12, 2, 3, 2, '2015-09-15 18:27:39.919529', '2015-09-15 18:27:39.919529', NULL);
INSERT INTO detalle_hoja (id, peso_cerdo, unidad_medida_id, hoja_vida_id, dosis, insumo_id, tipo_insumo_id, created_at, updated_at, deleted_at) VALUES (21, 65, 2, 12, 0, 2, 3, '2015-09-15 18:29:07.188305', '2015-09-15 18:29:07.188305', NULL);
INSERT INTO detalle_hoja (id, peso_cerdo, unidad_medida_id, hoja_vida_id, dosis, insumo_id, tipo_insumo_id, created_at, updated_at, deleted_at) VALUES (22, 50, 2, 14, 2, 3, 2, '2015-09-15 18:31:09.744078', '2015-09-15 18:31:09.744078', NULL);
INSERT INTO detalle_hoja (id, peso_cerdo, unidad_medida_id, hoja_vida_id, dosis, insumo_id, tipo_insumo_id, created_at, updated_at, deleted_at) VALUES (23, 50, 2, 14, 2, 3, 2, '2015-09-15 18:31:33.042194', '2015-09-15 18:31:33.042194', NULL);
INSERT INTO detalle_hoja (id, peso_cerdo, unidad_medida_id, hoja_vida_id, dosis, insumo_id, tipo_insumo_id, created_at, updated_at, deleted_at) VALUES (25, 30, 2, 15, 2, 3, 2, '2015-09-15 18:32:35.829001', '2015-09-15 18:32:35.829001', NULL);
INSERT INTO detalle_hoja (id, peso_cerdo, unidad_medida_id, hoja_vida_id, dosis, insumo_id, tipo_insumo_id, created_at, updated_at, deleted_at) VALUES (26, 50, 2, 15, 2, 3, 2, '2015-09-15 18:32:58.055957', '2015-09-15 18:32:58.055957', NULL);
INSERT INTO detalle_hoja (id, peso_cerdo, unidad_medida_id, hoja_vida_id, dosis, insumo_id, tipo_insumo_id, created_at, updated_at, deleted_at) VALUES (27, 65, 2, 15, 0, 2, 3, '2015-09-15 18:34:57.750635', '2015-09-15 18:34:57.750635', NULL);
INSERT INTO detalle_hoja (id, peso_cerdo, unidad_medida_id, hoja_vida_id, dosis, insumo_id, tipo_insumo_id, created_at, updated_at, deleted_at) VALUES (1, 30, 2, 1, 2, 3, 2, '2015-09-03 15:57:05.174447', '2015-09-03 15:57:05.174447', NULL);
INSERT INTO detalle_hoja (id, peso_cerdo, unidad_medida_id, hoja_vida_id, dosis, insumo_id, tipo_insumo_id, created_at, updated_at, deleted_at) VALUES (8, 32, 2, 1, 2, 3, 1, '2015-09-04 17:41:30.027007', '2015-09-04 17:41:30.027007', NULL);
INSERT INTO detalle_hoja (id, peso_cerdo, unidad_medida_id, hoja_vida_id, dosis, insumo_id, tipo_insumo_id, created_at, updated_at, deleted_at) VALUES (9, 50, 2, 1, 2, 3, 2, '2015-09-09 16:28:34.390254', '2015-09-09 16:28:34.390254', NULL);
INSERT INTO detalle_hoja (id, peso_cerdo, unidad_medida_id, hoja_vida_id, dosis, insumo_id, tipo_insumo_id, created_at, updated_at, deleted_at) VALUES (28, 30, 2, 16, 2, 3, 2, '2015-09-16 16:27:56.789506', '2015-09-16 16:27:56.789506', NULL);
INSERT INTO detalle_hoja (id, peso_cerdo, unidad_medida_id, hoja_vida_id, dosis, insumo_id, tipo_insumo_id, created_at, updated_at, deleted_at) VALUES (29, 52, 2, 16, 0, 2, 3, '2015-09-16 16:28:32.317046', '2015-09-16 16:28:32.317046', NULL);
INSERT INTO detalle_hoja (id, peso_cerdo, unidad_medida_id, hoja_vida_id, dosis, insumo_id, tipo_insumo_id, created_at, updated_at, deleted_at) VALUES (30, 73, 2, 16, 2, 3, 2, '2015-09-16 16:29:01.40315', '2015-09-16 16:29:01.40315', NULL);
INSERT INTO detalle_hoja (id, peso_cerdo, unidad_medida_id, hoja_vida_id, dosis, insumo_id, tipo_insumo_id, created_at, updated_at, deleted_at) VALUES (31, 0, 4, 1, 2, 3, 2, '2015-09-17 17:34:52.023474', '2015-09-17 17:34:52.023474', NULL);
INSERT INTO detalle_hoja (id, peso_cerdo, unidad_medida_id, hoja_vida_id, dosis, insumo_id, tipo_insumo_id, created_at, updated_at, deleted_at) VALUES (32, 0, 4, 1, 2, 3, 2, '2015-09-17 17:35:46.898192', '2015-09-17 17:35:46.898192', NULL);
INSERT INTO detalle_hoja (id, peso_cerdo, unidad_medida_id, hoja_vida_id, dosis, insumo_id, tipo_insumo_id, created_at, updated_at, deleted_at) VALUES (33, 70, 2, 1, 0, 2, 3, '2015-09-17 17:36:44.084033', '2015-09-17 17:36:44.084033', NULL);
INSERT INTO detalle_hoja (id, peso_cerdo, unidad_medida_id, hoja_vida_id, dosis, insumo_id, tipo_insumo_id, created_at, updated_at, deleted_at) VALUES (24, 70, 2, 14, 0, 2, 3, '2015-09-15 18:31:55.175765', '2015-09-15 18:31:55.175765', NULL);
INSERT INTO detalle_hoja (id, peso_cerdo, unidad_medida_id, hoja_vida_id, dosis, insumo_id, tipo_insumo_id, created_at, updated_at, deleted_at) VALUES (7, 60, 2, 3, 12, 3, 2, '2015-09-04 14:37:32.696391', '2015-09-04 14:37:32.696391', NULL);


--
-- TOC entry 2493 (class 0 OID 0)
-- Dependencies: 199
-- Name: detalle_hoja_id_seq; Type: SEQUENCE SET; Schema: public; Owner: postgres
--

SELECT pg_catalog.setval('detalle_hoja_id_seq', 1, false);


--
-- TOC entry 2448 (class 0 OID 73540)
-- Dependencies: 229
-- Data for Name: detalle_salida; Type: TABLE DATA; Schema: public; Owner: postgres
--

INSERT INTO detalle_salida (id, cantidad, salida_bodega_id, insumo_id, unidad_medida_id, lote_id, created_at, updated_at, deleted_at) VALUES (3, 1, 1, 4, 2, 1, '2015-09-09 16:42:29.49698', '2015-09-09 16:42:29.49698', NULL);
INSERT INTO detalle_salida (id, cantidad, salida_bodega_id, insumo_id, unidad_medida_id, lote_id, created_at, updated_at, deleted_at) VALUES (1, 2, 1, 3, 3, 1, '2015-09-03 16:25:54.420915', '2015-09-03 16:25:54.420915', NULL);
INSERT INTO detalle_salida (id, cantidad, salida_bodega_id, insumo_id, unidad_medida_id, lote_id, created_at, updated_at, deleted_at) VALUES (5, 1, 1, 4, 1, 1, '2015-09-10 14:36:40.719386', '2015-09-10 14:36:40.719386', NULL);
INSERT INTO detalle_salida (id, cantidad, salida_bodega_id, insumo_id, unidad_medida_id, lote_id, created_at, updated_at, deleted_at) VALUES (2, 4, 1, 4, 2, 2, '2015-09-09 10:32:24.705913', '2015-09-09 10:32:24.705913', NULL);
INSERT INTO detalle_salida (id, cantidad, salida_bodega_id, insumo_id, unidad_medida_id, lote_id, created_at, updated_at, deleted_at) VALUES (4, 4, 1, 5, 2, 2, '2015-09-10 14:35:57.462131', '2015-09-10 14:35:57.462131', NULL);
INSERT INTO detalle_salida (id, cantidad, salida_bodega_id, insumo_id, unidad_medida_id, lote_id, created_at, updated_at, deleted_at) VALUES (6, 8, 1, 3, 3, 2, '2015-09-16 16:52:32.799978', '2015-09-16 16:52:32.799978', NULL);
INSERT INTO detalle_salida (id, cantidad, salida_bodega_id, insumo_id, unidad_medida_id, lote_id, created_at, updated_at, deleted_at) VALUES (7, 8, 1, 6, 1, 2, '2015-09-16 17:50:37.701131', '2015-09-16 17:50:37.701131', NULL);
INSERT INTO detalle_salida (id, cantidad, salida_bodega_id, insumo_id, unidad_medida_id, lote_id, created_at, updated_at, deleted_at) VALUES (8, 1, 2, 4, 2, 1, '2015-09-16 17:56:54.18476', '2015-09-16 17:56:54.18476', NULL);
INSERT INTO detalle_salida (id, cantidad, salida_bodega_id, insumo_id, unidad_medida_id, lote_id, created_at, updated_at, deleted_at) VALUES (9, 1, 2, 4, 1, 1, '2015-09-16 17:57:57.665488', '2015-09-16 17:57:57.665488', NULL);
INSERT INTO detalle_salida (id, cantidad, salida_bodega_id, insumo_id, unidad_medida_id, lote_id, created_at, updated_at, deleted_at) VALUES (10, 2, 2, 3, 3, 1, '2015-09-16 17:58:41.147829', '2015-09-16 17:58:41.147829', NULL);
INSERT INTO detalle_salida (id, cantidad, salida_bodega_id, insumo_id, unidad_medida_id, lote_id, created_at, updated_at, deleted_at) VALUES (11, 4, 2, 4, 2, 2, '2015-09-16 18:02:43.384699', '2015-09-16 18:02:43.384699', NULL);
INSERT INTO detalle_salida (id, cantidad, salida_bodega_id, insumo_id, unidad_medida_id, lote_id, created_at, updated_at, deleted_at) VALUES (12, 4, 2, 5, 2, 2, '2015-09-16 18:03:49.142373', '2015-09-16 18:03:49.142373', NULL);
INSERT INTO detalle_salida (id, cantidad, salida_bodega_id, insumo_id, unidad_medida_id, lote_id, created_at, updated_at, deleted_at) VALUES (13, 8, 2, 3, 3, 2, '2015-09-16 18:05:57.050763', '2015-09-16 18:05:57.050763', NULL);
INSERT INTO detalle_salida (id, cantidad, salida_bodega_id, insumo_id, unidad_medida_id, lote_id, created_at, updated_at, deleted_at) VALUES (14, 8, 2, 6, 1, 2, '2015-09-16 18:06:33.628821', '2015-09-16 18:06:33.628821', NULL);
INSERT INTO detalle_salida (id, cantidad, salida_bodega_id, insumo_id, unidad_medida_id, lote_id, created_at, updated_at, deleted_at) VALUES (15, 1, 1, 5, 2, 1, '2015-09-16 18:12:43.817677', '2015-09-16 18:12:43.817677', NULL);
INSERT INTO detalle_salida (id, cantidad, salida_bodega_id, insumo_id, unidad_medida_id, lote_id, created_at, updated_at, deleted_at) VALUES (16, 1, 3, 4, 2, 1, '2015-09-16 18:18:20.898592', '2015-09-16 18:18:20.898592', NULL);
INSERT INTO detalle_salida (id, cantidad, salida_bodega_id, insumo_id, unidad_medida_id, lote_id, created_at, updated_at, deleted_at) VALUES (17, 1, 3, 4, 1, 1, '2015-09-16 18:18:50.149562', '2015-09-16 18:18:50.149562', NULL);
INSERT INTO detalle_salida (id, cantidad, salida_bodega_id, insumo_id, unidad_medida_id, lote_id, created_at, updated_at, deleted_at) VALUES (18, 2, 3, 3, 3, 1, '2015-09-16 18:19:17.650639', '2015-09-16 18:19:17.650639', NULL);
INSERT INTO detalle_salida (id, cantidad, salida_bodega_id, insumo_id, unidad_medida_id, lote_id, created_at, updated_at, deleted_at) VALUES (19, 4, 3, 4, 2, 2, '2015-09-16 18:19:57.611115', '2015-09-16 18:19:57.611115', NULL);
INSERT INTO detalle_salida (id, cantidad, salida_bodega_id, insumo_id, unidad_medida_id, lote_id, created_at, updated_at, deleted_at) VALUES (20, 4, 3, 5, 2, 2, '2015-09-16 18:20:20.097897', '2015-09-16 18:20:20.097897', NULL);
INSERT INTO detalle_salida (id, cantidad, salida_bodega_id, insumo_id, unidad_medida_id, lote_id, created_at, updated_at, deleted_at) VALUES (21, 8, 3, 3, 3, 2, '2015-09-16 18:20:53.705808', '2015-09-16 18:20:53.705808', NULL);
INSERT INTO detalle_salida (id, cantidad, salida_bodega_id, insumo_id, unidad_medida_id, lote_id, created_at, updated_at, deleted_at) VALUES (22, 8, 3, 6, 1, 2, '2015-09-16 18:21:56.338454', '2015-09-16 18:21:56.338454', NULL);
INSERT INTO detalle_salida (id, cantidad, salida_bodega_id, insumo_id, unidad_medida_id, lote_id, created_at, updated_at, deleted_at) VALUES (23, 8, 1, 5, 2, 2, '2015-09-17 14:22:17.634448', '2015-09-17 14:22:17.634448', NULL);
INSERT INTO detalle_salida (id, cantidad, salida_bodega_id, insumo_id, unidad_medida_id, lote_id, created_at, updated_at, deleted_at) VALUES (24, 1, 1, 6, 2, 2, '2015-09-17 14:22:33.306053', '2015-09-17 14:22:33.306053', NULL);
INSERT INTO detalle_salida (id, cantidad, salida_bodega_id, insumo_id, unidad_medida_id, lote_id, created_at, updated_at, deleted_at) VALUES (25, 1, 1, 4, 2, 2, '2015-09-17 14:22:58.817752', '2015-09-17 14:22:58.817752', NULL);
INSERT INTO detalle_salida (id, cantidad, salida_bodega_id, insumo_id, unidad_medida_id, lote_id, created_at, updated_at, deleted_at) VALUES (26, 8, 1, 4, 2, 2, '2015-09-17 14:23:33.018585', '2015-09-17 14:23:33.018585', NULL);
INSERT INTO detalle_salida (id, cantidad, salida_bodega_id, insumo_id, unidad_medida_id, lote_id, created_at, updated_at, deleted_at) VALUES (27, 9, 1, 5, 2, 2, '2015-09-17 14:24:12.854142', '2015-09-17 14:24:12.854142', NULL);
INSERT INTO detalle_salida (id, cantidad, salida_bodega_id, insumo_id, unidad_medida_id, lote_id, created_at, updated_at, deleted_at) VALUES (28, 3, 1, 4, 2, 1, '2015-09-17 14:24:46.570937', '2015-09-17 14:24:46.570937', NULL);
INSERT INTO detalle_salida (id, cantidad, salida_bodega_id, insumo_id, unidad_medida_id, lote_id, created_at, updated_at, deleted_at) VALUES (29, 1, 1, 5, 2, 1, '2015-09-17 14:25:24.987146', '2015-09-17 14:25:24.987146', NULL);
INSERT INTO detalle_salida (id, cantidad, salida_bodega_id, insumo_id, unidad_medida_id, lote_id, created_at, updated_at, deleted_at) VALUES (30, 2, 1, 6, 2, 1, '2015-09-17 14:26:49.530068', '2015-09-17 14:26:49.530068', NULL);


--
-- TOC entry 2494 (class 0 OID 0)
-- Dependencies: 197
-- Name: detalle_salida_id_seq; Type: SEQUENCE SET; Schema: public; Owner: postgres
--

SELECT pg_catalog.setval('detalle_salida_id_seq', 30, true);


--
-- TOC entry 2432 (class 0 OID 73412)
-- Dependencies: 213
-- Data for Name: empleado; Type: TABLE DATA; Schema: public; Owner: postgres
--

INSERT INTO empleado (id, nombre, apellido, direccion, correo, telefono, tipo_id_id, usuario_id, documento, created_at, updated_at, deleted_at) VALUES (1, 'Elias', 'Tapasco', 'car12#1234', 'elias@hotmail.com', '234123', 1, 1, 645643, '2015-09-03 15:53:36.116107', '2015-09-03 15:53:36.116107', NULL);
INSERT INTO empleado (id, nombre, apellido, direccion, correo, telefono, tipo_id_id, usuario_id, documento, created_at, updated_at, deleted_at) VALUES (2, 'Humberto', 'Estrada', 'car 19 n 345', 'humberto@hotmail.com', '2345678', 1, 1, 1234456, '2015-09-03 16:03:38.942233', '2015-09-03 16:03:38.942233', NULL);


--
-- TOC entry 2495 (class 0 OID 0)
-- Dependencies: 182
-- Name: empleado_id_seq; Type: SEQUENCE SET; Schema: public; Owner: postgres
--

SELECT pg_catalog.setval('empleado_id_seq', 2, true);


--
-- TOC entry 2445 (class 0 OID 73516)
-- Dependencies: 226
-- Data for Name: entrada_bodega; Type: TABLE DATA; Schema: public; Owner: postgres
--

INSERT INTO entrada_bodega (id, empleado_id, proveedor_id, created_at, updated_at, deleted_at) VALUES (2, 2, 2, '2015-09-09 10:38:35.564032', '2015-09-09 10:38:35.564032', NULL);
INSERT INTO entrada_bodega (id, empleado_id, proveedor_id, created_at, updated_at, deleted_at) VALUES (1, 1, 3, '2015-09-09 10:25:50.150821', '2015-09-09 10:25:50.150821', NULL);


--
-- TOC entry 2496 (class 0 OID 0)
-- Dependencies: 194
-- Name: entrada_bodega_id_seq; Type: SEQUENCE SET; Schema: public; Owner: postgres
--

SELECT pg_catalog.setval('entrada_bodega_id_seq', 2, true);


--
-- TOC entry 2435 (class 0 OID 73436)
-- Dependencies: 216
-- Data for Name: estado; Type: TABLE DATA; Schema: public; Owner: postgres
--

INSERT INTO estado (id, desc_estado, created_at, updated_at, deleted_at) VALUES (1, 'Activo', '2015-09-03 15:50:42.125804', '2015-09-03 15:50:42.125804', NULL);
INSERT INTO estado (id, desc_estado, created_at, updated_at, deleted_at) VALUES (2, 'Inactivo', '2015-09-03 15:50:46.83589', '2015-09-03 15:50:46.83589', NULL);


--
-- TOC entry 2497 (class 0 OID 0)
-- Dependencies: 185
-- Name: estado_id_seq; Type: SEQUENCE SET; Schema: public; Owner: postgres
--

SELECT pg_catalog.setval('estado_id_seq', 2, true);


--
-- TOC entry 2426 (class 0 OID 73364)
-- Dependencies: 207
-- Data for Name: genero; Type: TABLE DATA; Schema: public; Owner: postgres
--

INSERT INTO genero (id, descripcion, created_at, updated_at, deleted_at) VALUES (1, 'Hembra', '2015-09-03 15:50:23.741768', '2015-09-03 15:50:23.741768', NULL);
INSERT INTO genero (id, descripcion, created_at, updated_at, deleted_at) VALUES (2, 'Macho', '2015-09-03 15:50:29.025439', '2015-09-03 15:50:29.025439', NULL);


--
-- TOC entry 2498 (class 0 OID 0)
-- Dependencies: 176
-- Name: genero_id_seq; Type: SEQUENCE SET; Schema: public; Owner: postgres
--

SELECT pg_catalog.setval('genero_id_seq', 2, true);


--
-- TOC entry 2437 (class 0 OID 73452)
-- Dependencies: 218
-- Data for Name: hoja_vida; Type: TABLE DATA; Schema: public; Owner: postgres
--

INSERT INTO hoja_vida (id, genero_id, fecha_nacimiento, raza_id, lote_id, estado_id, nombre_cerdo, created_at, updated_at, deleted_at) VALUES (2, 2, '2015-09-01', 16, 2, 1, 'Rozo', '2015-09-03 15:52:19.999448', '2015-09-03 15:52:19.999448', NULL);
INSERT INTO hoja_vida (id, genero_id, fecha_nacimiento, raza_id, lote_id, estado_id, nombre_cerdo, created_at, updated_at, deleted_at) VALUES (3, 1, '2015-09-01', 16, 2, 2, 'Mimi', '2015-09-04 14:33:39.413383', '2015-09-04 14:33:39.413383', NULL);
INSERT INTO hoja_vida (id, genero_id, fecha_nacimiento, raza_id, lote_id, estado_id, nombre_cerdo, created_at, updated_at, deleted_at) VALUES (4, 2, '2015-03-04', 16, 2, 1, 'Pancho', '2015-09-04 14:34:10.284282', '2015-09-04 14:34:10.284282', NULL);
INSERT INTO hoja_vida (id, genero_id, fecha_nacimiento, raza_id, lote_id, estado_id, nombre_cerdo, created_at, updated_at, deleted_at) VALUES (5, 1, '2015-09-01', 16, 2, 2, 'Lucy', '2015-09-15 16:44:54.856655', '2015-09-15 16:44:54.856655', NULL);
INSERT INTO hoja_vida (id, genero_id, fecha_nacimiento, raza_id, lote_id, estado_id, nombre_cerdo, created_at, updated_at, deleted_at) VALUES (6, 1, '2015-09-01', 16, 2, 1, 'Pancha', '2015-09-15 16:45:29.539626', '2015-09-15 16:45:29.539626', NULL);
INSERT INTO hoja_vida (id, genero_id, fecha_nacimiento, raza_id, lote_id, estado_id, nombre_cerdo, created_at, updated_at, deleted_at) VALUES (7, 1, '2015-09-01', 16, 2, 1, 'Mona', '2015-09-15 16:46:59.995157', '2015-09-15 16:46:59.995157', NULL);
INSERT INTO hoja_vida (id, genero_id, fecha_nacimiento, raza_id, lote_id, estado_id, nombre_cerdo, created_at, updated_at, deleted_at) VALUES (8, 2, '2015-09-01', 16, 2, 1, 'Pepe', '2015-09-15 16:50:20.270127', '2015-09-15 16:50:20.270127', NULL);
INSERT INTO hoja_vida (id, genero_id, fecha_nacimiento, raza_id, lote_id, estado_id, nombre_cerdo, created_at, updated_at, deleted_at) VALUES (9, 1, '2015-03-04', 16, 2, 2, 'Magi', '2015-09-15 17:01:33.216673', '2015-09-15 17:01:33.216673', NULL);
INSERT INTO hoja_vida (id, genero_id, fecha_nacimiento, raza_id, lote_id, estado_id, nombre_cerdo, created_at, updated_at, deleted_at) VALUES (10, 1, '2015-03-04', 16, 2, 1, 'Pecas', '2015-09-15 17:03:01.656716', '2015-09-15 17:03:01.656716', NULL);
INSERT INTO hoja_vida (id, genero_id, fecha_nacimiento, raza_id, lote_id, estado_id, nombre_cerdo, created_at, updated_at, deleted_at) VALUES (11, 1, '2015-09-01', 16, 2, 2, 'Lauarel', '2015-09-15 17:06:30.560309', '2015-09-15 17:06:30.560309', NULL);
INSERT INTO hoja_vida (id, genero_id, fecha_nacimiento, raza_id, lote_id, estado_id, nombre_cerdo, created_at, updated_at, deleted_at) VALUES (12, 1, '2015-03-04', 16, 2, 2, 'Anabel', '2015-09-15 17:12:19.028885', '2015-09-15 17:12:19.028885', NULL);
INSERT INTO hoja_vida (id, genero_id, fecha_nacimiento, raza_id, lote_id, estado_id, nombre_cerdo, created_at, updated_at, deleted_at) VALUES (13, 1, '2015-03-04', 16, 2, 1, 'Pepa', '2015-09-15 17:13:39.72528', '2015-09-15 17:13:39.72528', NULL);
INSERT INTO hoja_vida (id, genero_id, fecha_nacimiento, raza_id, lote_id, estado_id, nombre_cerdo, created_at, updated_at, deleted_at) VALUES (14, 1, '2015-09-01', 16, 2, 2, 'Luz', '2015-09-15 17:15:20.72114', '2015-09-15 17:15:20.72114', NULL);
INSERT INTO hoja_vida (id, genero_id, fecha_nacimiento, raza_id, lote_id, estado_id, nombre_cerdo, created_at, updated_at, deleted_at) VALUES (15, 2, '2015-03-04', 16, 2, 2, 'Luigi', '2015-09-15 17:21:21.984636', '2015-09-15 17:21:21.984636', NULL);
INSERT INTO hoja_vida (id, genero_id, fecha_nacimiento, raza_id, lote_id, estado_id, nombre_cerdo, created_at, updated_at, deleted_at) VALUES (16, 2, '2015-03-04', 16, 2, 2, 'Beto', '2015-09-15 17:22:16.164637', '2015-09-15 17:22:16.164637', NULL);
INSERT INTO hoja_vida (id, genero_id, fecha_nacimiento, raza_id, lote_id, estado_id, nombre_cerdo, created_at, updated_at, deleted_at) VALUES (1, 1, '2012-01-12', 16, 1, 1, 'Muñeca', '2015-09-03 15:51:48.772893', '2015-09-03 15:51:48.772893', NULL);


--
-- TOC entry 2499 (class 0 OID 0)
-- Dependencies: 187
-- Name: hoja_vida_id_seq; Type: SEQUENCE SET; Schema: public; Owner: postgres
--

SELECT pg_catalog.setval('hoja_vida_id_seq', 16, true);


--
-- TOC entry 2430 (class 0 OID 73396)
-- Dependencies: 211
-- Data for Name: insumo; Type: TABLE DATA; Schema: public; Owner: postgres
--

INSERT INTO insumo (id, desc_insumo, tipo_insumo_id, fecha_fabricacion, fecha_vencimiento, proveedor_id, created_at, updated_at, deleted_at) VALUES (2, 'Ninguno', 3, '2015-12-12', '2015-12-12', 2, '2015-09-03 15:55:58.126994', '2015-09-03 15:55:58.126994', NULL);
INSERT INTO insumo (id, desc_insumo, tipo_insumo_id, fecha_fabricacion, fecha_vencimiento, proveedor_id, created_at, updated_at, deleted_at) VALUES (3, 'Fenbendazol', 2, '2015-09-03', '2015-09-03', 2, '2015-09-03 15:56:44.572293', '2015-09-03 15:56:44.572293', NULL);
INSERT INTO insumo (id, desc_insumo, tipo_insumo_id, fecha_fabricacion, fecha_vencimiento, proveedor_id, created_at, updated_at, deleted_at) VALUES (4, 'Chanchito', 1, '2015-09-09', '2015-10-31', 3, '2015-09-09 10:28:09.451111', '2015-09-09 10:28:09.451111', NULL);
INSERT INTO insumo (id, desc_insumo, tipo_insumo_id, fecha_fabricacion, fecha_vencimiento, proveedor_id, created_at, updated_at, deleted_at) VALUES (5, 'Mogolla', 1, '2015-09-16', '2015-09-19', 3, '2015-09-16 17:28:02.089645', '2015-09-16 17:28:02.089645', NULL);
INSERT INTO insumo (id, desc_insumo, tipo_insumo_id, fecha_fabricacion, fecha_vencimiento, proveedor_id, created_at, updated_at, deleted_at) VALUES (6, 'Maiz', 1, '2015-09-15', '2015-09-18', 3, '2015-09-16 17:28:23.057602', '2015-09-16 17:28:23.057602', NULL);


--
-- TOC entry 2500 (class 0 OID 0)
-- Dependencies: 180
-- Name: insumo_id_seq; Type: SEQUENCE SET; Schema: public; Owner: postgres
--

SELECT pg_catalog.setval('insumo_id_seq', 6, true);


--
-- TOC entry 2450 (class 0 OID 73558)
-- Dependencies: 231
-- Data for Name: inventario; Type: TABLE DATA; Schema: public; Owner: postgres
--



--
-- TOC entry 2501 (class 0 OID 0)
-- Dependencies: 200
-- Name: inventario_id_seq; Type: SEQUENCE SET; Schema: public; Owner: postgres
--

SELECT pg_catalog.setval('inventario_id_seq', 1, false);


--
-- TOC entry 2433 (class 0 OID 73420)
-- Dependencies: 214
-- Data for Name: lote; Type: TABLE DATA; Schema: public; Owner: postgres
--

INSERT INTO lote (id, desc_lote, ubicacion, created_at, updated_at, deleted_at) VALUES (1, 'Lote madre', 'lote1', '2015-09-03 15:49:55.262872', '2015-09-03 15:49:55.262872', NULL);
INSERT INTO lote (id, desc_lote, ubicacion, created_at, updated_at, deleted_at) VALUES (2, 'Lote chanchito', 'Lote2', '2015-09-03 15:50:12.355799', '2015-09-03 15:50:12.355799', NULL);


--
-- TOC entry 2502 (class 0 OID 0)
-- Dependencies: 183
-- Name: lote_id_seq; Type: SEQUENCE SET; Schema: public; Owner: postgres
--

SELECT pg_catalog.setval('lote_id_seq', 2, true);


--
-- TOC entry 2444 (class 0 OID 73508)
-- Dependencies: 225
-- Data for Name: parto; Type: TABLE DATA; Schema: public; Owner: postgres
--

INSERT INTO parto (id, fecha_nacimiento, num_nacidos, num_vivos, num_muertos, num_hembras, num_machos, fecha_montada, id_padre, hoja_vida_id, created_at, updated_at, deleted_at) VALUES (2, '2015-09-04', 8, 6, 2, 6, 2, '2015-08-04', 'proveedor', 1, '2015-09-04 17:46:57.311081', '2015-09-04 17:46:57.311081', NULL);
INSERT INTO parto (id, fecha_nacimiento, num_nacidos, num_vivos, num_muertos, num_hembras, num_machos, fecha_montada, id_padre, hoja_vida_id, created_at, updated_at, deleted_at) VALUES (1, '2015-03-01', 8, 6, 2, 4, 2, '2015-02-01', 'proveedor', 1, '2015-09-04 17:45:11.241823', '2015-09-04 17:45:11.241823', NULL);


--
-- TOC entry 2503 (class 0 OID 0)
-- Dependencies: 193
-- Name: parto_id_seq; Type: SEQUENCE SET; Schema: public; Owner: postgres
--

SELECT pg_catalog.setval('parto_id_seq', 2, true);


--
-- TOC entry 2428 (class 0 OID 73380)
-- Dependencies: 209
-- Data for Name: proveedor; Type: TABLE DATA; Schema: public; Owner: postgres
--

INSERT INTO proveedor (id, nombre, apellido, direccion, correo, telefono, ciudad_id, created_at, updated_at, deleted_at) VALUES (3, 'Arbeys', 'Ceron', 'cal 12 carrera 20 #123', 'arbey@gmail.com', '3145212214', 2, '2015-09-09 10:39:34.335298', '2015-09-09 10:39:34.335298', NULL);
INSERT INTO proveedor (id, nombre, apellido, direccion, correo, telefono, ciudad_id, created_at, updated_at, deleted_at) VALUES (4, 'Jose Maria', 'Rocha', 'Carrea 10 # 56 - 98', 'josem@gmail.com', '313456765', 3, '2015-09-14 15:35:21.954515', '2015-09-14 15:35:21.954515', NULL);
INSERT INTO proveedor (id, nombre, apellido, direccion, correo, telefono, ciudad_id, created_at, updated_at, deleted_at) VALUES (2, 'Emma', 'Castaneda', 'calle 60 bis 4-20', 'ema@hotmail.com', '234567', 2, '2015-09-03 15:55:07.828964', '2015-09-03 15:55:07.828964', NULL);


--
-- TOC entry 2504 (class 0 OID 0)
-- Dependencies: 178
-- Name: proveedor_id_seq; Type: SEQUENCE SET; Schema: public; Owner: postgres
--

SELECT pg_catalog.setval('proveedor_id_seq', 4, true);


--
-- TOC entry 2434 (class 0 OID 73428)
-- Dependencies: 215
-- Data for Name: raza; Type: TABLE DATA; Schema: public; Owner: postgres
--

INSERT INTO raza (id, desc_raza, created_at, updated_at, deleted_at) VALUES (1, 'Baztan', '2015-09-03 15:51:09.474138', '2015-09-03 15:51:09.474138', NULL);
INSERT INTO raza (id, desc_raza, created_at, updated_at, deleted_at) VALUES (2, 'Berkshire', '2015-09-03 15:51:16.198421', '2015-09-03 15:51:16.198421', NULL);
INSERT INTO raza (id, desc_raza, created_at, updated_at, deleted_at) VALUES (3, 'Camboroug 22', '2015-09-16 09:17:50.81446', '2015-09-16 09:17:50.81446', NULL);
INSERT INTO raza (id, desc_raza, created_at, updated_at, deleted_at) VALUES (4, 'Cerdo Casque Mula', '2015-09-16 09:22:43.15091', '2015-09-16 09:22:43.15091', NULL);
INSERT INTO raza (id, desc_raza, created_at, updated_at, deleted_at) VALUES (5, 'Cerdo Celta', '2015-09-16 09:22:54.444274', '2015-09-16 09:22:54.444274', NULL);
INSERT INTO raza (id, desc_raza, created_at, updated_at, deleted_at) VALUES (6, 'Cerdo Chocuano', '2015-09-16 09:23:03.768197', '2015-09-16 09:23:03.768197', NULL);
INSERT INTO raza (id, desc_raza, created_at, updated_at, deleted_at) VALUES (7, 'Cerdi Curi', '2015-09-16 09:23:17.45955', '2015-09-16 09:23:17.45955', NULL);
INSERT INTO raza (id, desc_raza, created_at, updated_at, deleted_at) VALUES (8, 'Cerdo Iberico', '2015-09-16 09:23:26.269426', '2015-09-16 09:23:26.269426', NULL);
INSERT INTO raza (id, desc_raza, created_at, updated_at, deleted_at) VALUES (9, 'Cerdo Sampedreño', '2015-09-16 09:23:36.534321', '2015-09-16 09:23:36.534321', NULL);
INSERT INTO raza (id, desc_raza, created_at, updated_at, deleted_at) VALUES (10, 'Cerdo Zungo', '2015-09-16 09:23:45.141293', '2015-09-16 09:23:45.141293', NULL);
INSERT INTO raza (id, desc_raza, created_at, updated_at, deleted_at) VALUES (11, 'Chester White', '2015-09-16 09:23:57.19305', '2015-09-16 09:23:57.19305', NULL);
INSERT INTO raza (id, desc_raza, created_at, updated_at, deleted_at) VALUES (12, 'Congo Sampedreno', '2015-09-16 09:24:11.588303', '2015-09-16 09:24:11.588303', NULL);
INSERT INTO raza (id, desc_raza, created_at, updated_at, deleted_at) VALUES (13, 'Duroc Jersey', '2015-09-16 09:24:21.277661', '2015-09-16 09:24:21.277661', NULL);
INSERT INTO raza (id, desc_raza, created_at, updated_at, deleted_at) VALUES (14, 'Hampshire', '2015-09-16 09:24:58.029444', '2015-09-16 09:24:58.029444', NULL);
INSERT INTO raza (id, desc_raza, created_at, updated_at, deleted_at) VALUES (15, 'Iberico', '2015-09-16 09:25:04.613951', '2015-09-16 09:25:04.613951', NULL);
INSERT INTO raza (id, desc_raza, created_at, updated_at, deleted_at) VALUES (16, 'Landrace', '2015-09-16 09:25:12.863614', '2015-09-16 09:25:12.863614', NULL);
INSERT INTO raza (id, desc_raza, created_at, updated_at, deleted_at) VALUES (17, 'Pickboard 326', '2015-09-16 09:25:26.099252', '2015-09-16 09:25:26.099252', NULL);
INSERT INTO raza (id, desc_raza, created_at, updated_at, deleted_at) VALUES (19, 'Pickboard 406', '2015-09-16 09:26:07.336114', '2015-09-16 09:26:07.336114', NULL);
INSERT INTO raza (id, desc_raza, created_at, updated_at, deleted_at) VALUES (18, 'Pickboard 359-GL', '2015-09-16 09:25:46.8468', '2015-09-16 09:25:46.8468', NULL);
INSERT INTO raza (id, desc_raza, created_at, updated_at, deleted_at) VALUES (20, 'Pickboard 420-GL', '2015-09-16 09:26:40.748744', '2015-09-16 09:26:40.748744', NULL);
INSERT INTO raza (id, desc_raza, created_at, updated_at, deleted_at) VALUES (21, 'Pietrain', '2015-09-16 09:26:53.352693', '2015-09-16 09:26:53.352693', NULL);
INSERT INTO raza (id, desc_raza, created_at, updated_at, deleted_at) VALUES (22, 'Poland China', '2015-09-16 09:27:04.752409', '2015-09-16 09:27:04.752409', NULL);
INSERT INTO raza (id, desc_raza, created_at, updated_at, deleted_at) VALUES (23, 'Spotted Poland', '2015-09-16 09:27:29.805656', '2015-09-16 09:27:29.805656', NULL);
INSERT INTO raza (id, desc_raza, created_at, updated_at, deleted_at) VALUES (24, 'Tamworth', '2015-09-16 09:27:53.39399', '2015-09-16 09:27:53.39399', NULL);
INSERT INTO raza (id, desc_raza, created_at, updated_at, deleted_at) VALUES (25, 'Wesse.V Saddleback', '2015-09-16 09:28:12.954133', '2015-09-16 09:28:12.954133', NULL);
INSERT INTO raza (id, desc_raza, created_at, updated_at, deleted_at) VALUES (26, 'Yorkshire', '2015-09-16 09:28:30.693186', '2015-09-16 09:28:30.693186', NULL);


--
-- TOC entry 2505 (class 0 OID 0)
-- Dependencies: 184
-- Name: raza_id_seq; Type: SEQUENCE SET; Schema: public; Owner: postgres
--

SELECT pg_catalog.setval('raza_id_seq', 26, true);


--
-- TOC entry 2422 (class 0 OID 73327)
-- Dependencies: 203
-- Data for Name: recordar_me; Type: TABLE DATA; Schema: public; Owner: postgres
--



--
-- TOC entry 2506 (class 0 OID 0)
-- Dependencies: 172
-- Name: recordar_me_id_seq; Type: SEQUENCE SET; Schema: public; Owner: postgres
--

SELECT pg_catalog.setval('recordar_me_id_seq', 1, false);


--
-- TOC entry 2449 (class 0 OID 73548)
-- Dependencies: 230
-- Data for Name: reporte; Type: TABLE DATA; Schema: public; Owner: postgres
--

INSERT INTO reporte (id, nombre, descripcion, direccion, created_at) VALUES (1, 'sacrificio', 'cantidad de carne ', 'localhost/reporte', '2015-09-06 16:23:43.030823');


--
-- TOC entry 2507 (class 0 OID 0)
-- Dependencies: 198
-- Name: reporte_id_seq; Type: SEQUENCE SET; Schema: public; Owner: postgres
--

SELECT pg_catalog.setval('reporte_id_seq', 1, true);


--
-- TOC entry 2441 (class 0 OID 73484)
-- Dependencies: 222
-- Data for Name: sacrificio_venta; Type: TABLE DATA; Schema: public; Owner: postgres
--

INSERT INTO sacrificio_venta (id, valor, cantidad, unidad_medida_id, tipo_venta_id, id_cerdo, created_at, updated_at, deleted_at) VALUES (1, 5000, 2, 2, 1, 3, '2015-09-04 14:38:48.247642', '2015-09-04 14:38:48.247642', NULL);
INSERT INTO sacrificio_venta (id, valor, cantidad, unidad_medida_id, tipo_venta_id, id_cerdo, created_at, updated_at, deleted_at) VALUES (2, 5000, 3, 2, 2, 3, '2015-09-04 14:39:10.87174', '2015-09-04 14:39:10.87174', NULL);
INSERT INTO sacrificio_venta (id, valor, cantidad, unidad_medida_id, tipo_venta_id, id_cerdo, created_at, updated_at, deleted_at) VALUES (6, 5000, 2, 2, 3, 3, '2015-09-04 15:21:59.652979', '2015-09-04 15:21:59.652979', NULL);
INSERT INTO sacrificio_venta (id, valor, cantidad, unidad_medida_id, tipo_venta_id, id_cerdo, created_at, updated_at, deleted_at) VALUES (8, 5000, 1, 2, 1, 12, '2015-09-16 16:21:05.982913', '2015-09-16 16:21:05.982913', NULL);
INSERT INTO sacrificio_venta (id, valor, cantidad, unidad_medida_id, tipo_venta_id, id_cerdo, created_at, updated_at, deleted_at) VALUES (9, 4500, 6, 2, 3, 12, '2015-09-16 16:22:18.799367', '2015-09-16 16:22:18.799367', NULL);
INSERT INTO sacrificio_venta (id, valor, cantidad, unidad_medida_id, tipo_venta_id, id_cerdo, created_at, updated_at, deleted_at) VALUES (10, 5000, 4, 2, 2, 12, '2015-09-16 16:26:45.912748', '2015-09-16 16:26:45.912748', NULL);
INSERT INTO sacrificio_venta (id, valor, cantidad, unidad_medida_id, tipo_venta_id, id_cerdo, created_at, updated_at, deleted_at) VALUES (11, 6200, 3, 2, 1, 16, '2015-09-16 16:30:07.077547', '2015-09-16 16:30:07.077547', NULL);
INSERT INTO sacrificio_venta (id, valor, cantidad, unidad_medida_id, tipo_venta_id, id_cerdo, created_at, updated_at, deleted_at) VALUES (12, 5800, 3, 2, 3, 16, '2015-09-16 16:31:07.537268', '2015-09-16 16:31:07.537268', NULL);
INSERT INTO sacrificio_venta (id, valor, cantidad, unidad_medida_id, tipo_venta_id, id_cerdo, created_at, updated_at, deleted_at) VALUES (13, 5000, 8, 2, 2, 16, '2015-09-16 16:31:57.435846', '2015-09-16 16:31:57.435846', NULL);
INSERT INTO sacrificio_venta (id, valor, cantidad, unidad_medida_id, tipo_venta_id, id_cerdo, created_at, updated_at, deleted_at) VALUES (14, 5000, 2, 2, 1, 11, '2015-09-16 16:33:33.201704', '2015-09-16 16:33:33.201704', NULL);
INSERT INTO sacrificio_venta (id, valor, cantidad, unidad_medida_id, tipo_venta_id, id_cerdo, created_at, updated_at, deleted_at) VALUES (15, 5000, 2, 2, 3, 11, '2015-09-16 16:34:03.414435', '2015-09-16 16:34:03.414435', NULL);
INSERT INTO sacrificio_venta (id, valor, cantidad, unidad_medida_id, tipo_venta_id, id_cerdo, created_at, updated_at, deleted_at) VALUES (16, 12000, 10, 2, 2, 11, '2015-09-16 16:34:30.356103', '2015-09-16 16:34:30.356103', NULL);
INSERT INTO sacrificio_venta (id, valor, cantidad, unidad_medida_id, tipo_venta_id, id_cerdo, created_at, updated_at, deleted_at) VALUES (17, 5000, 3, 2, 1, 5, '2015-09-16 16:35:28.566907', '2015-09-16 16:35:28.566907', NULL);
INSERT INTO sacrificio_venta (id, valor, cantidad, unidad_medida_id, tipo_venta_id, id_cerdo, created_at, updated_at, deleted_at) VALUES (19, 7000, 9, 2, 2, 5, '2015-09-16 16:38:49.460087', '2015-09-16 16:38:49.460087', NULL);
INSERT INTO sacrificio_venta (id, valor, cantidad, unidad_medida_id, tipo_venta_id, id_cerdo, created_at, updated_at, deleted_at) VALUES (20, 9000, 6, 2, 1, 15, '2015-09-16 16:39:34.436112', '2015-09-16 16:39:34.436112', NULL);
INSERT INTO sacrificio_venta (id, valor, cantidad, unidad_medida_id, tipo_venta_id, id_cerdo, created_at, updated_at, deleted_at) VALUES (21, 11500, 10, 2, 3, 15, '2015-09-16 16:41:00.787607', '2015-09-16 16:41:00.787607', NULL);
INSERT INTO sacrificio_venta (id, valor, cantidad, unidad_medida_id, tipo_venta_id, id_cerdo, created_at, updated_at, deleted_at) VALUES (22, 22000, 16, 2, 2, 15, '2015-09-16 16:41:56.618328', '2015-09-16 16:41:56.618328', NULL);
INSERT INTO sacrificio_venta (id, valor, cantidad, unidad_medida_id, tipo_venta_id, id_cerdo, created_at, updated_at, deleted_at) VALUES (3, 3000, 1, 2, 1, 14, '2015-09-04 14:39:27.411027', '2015-09-04 14:39:27.411027', NULL);
INSERT INTO sacrificio_venta (id, valor, cantidad, unidad_medida_id, tipo_venta_id, id_cerdo, created_at, updated_at, deleted_at) VALUES (4, 4500, 12, 2, 3, 14, '2015-09-04 14:40:38.718529', '2015-09-04 14:40:38.718529', NULL);
INSERT INTO sacrificio_venta (id, valor, cantidad, unidad_medida_id, tipo_venta_id, id_cerdo, created_at, updated_at, deleted_at) VALUES (5, 5000, 5, 2, 2, 14, '2015-09-04 15:21:30.575686', '2015-09-04 15:21:30.575686', NULL);
INSERT INTO sacrificio_venta (id, valor, cantidad, unidad_medida_id, tipo_venta_id, id_cerdo, created_at, updated_at, deleted_at) VALUES (7, 5000, 3, 2, 1, 9, '2015-09-07 20:53:24.849218', '2015-09-07 20:53:24.849218', NULL);
INSERT INTO sacrificio_venta (id, valor, cantidad, unidad_medida_id, tipo_venta_id, id_cerdo, created_at, updated_at, deleted_at) VALUES (23, 6000, 4, 2, 3, 9, '2015-09-16 17:11:58.433208', '2015-09-16 17:11:58.433208', NULL);
INSERT INTO sacrificio_venta (id, valor, cantidad, unidad_medida_id, tipo_venta_id, id_cerdo, created_at, updated_at, deleted_at) VALUES (24, 26000, 18, 2, 2, 9, '2015-09-16 17:16:30.846541', '2015-09-16 17:16:30.846541', NULL);
INSERT INTO sacrificio_venta (id, valor, cantidad, unidad_medida_id, tipo_venta_id, id_cerdo, created_at, updated_at, deleted_at) VALUES (18, 12000, 10, 2, 3, 5, '2015-09-16 16:38:01.652414', '2015-09-16 16:38:01.652414', NULL);


--
-- TOC entry 2508 (class 0 OID 0)
-- Dependencies: 190
-- Name: sacrificio_venta_id_seq; Type: SEQUENCE SET; Schema: public; Owner: postgres
--

SELECT pg_catalog.setval('sacrificio_venta_id_seq', 24, true);


--
-- TOC entry 2447 (class 0 OID 73532)
-- Dependencies: 228
-- Data for Name: salida_bodega; Type: TABLE DATA; Schema: public; Owner: postgres
--

INSERT INTO salida_bodega (id, empleado_id, created_at, updated_at, deleted_at) VALUES (1, 1, '2015-09-03 15:58:13.34835', '2015-09-03 15:58:13.34835', NULL);
INSERT INTO salida_bodega (id, empleado_id, created_at, updated_at, deleted_at) VALUES (2, 2, '2015-09-03 16:03:47.30387', '2015-09-03 16:03:47.30387', NULL);
INSERT INTO salida_bodega (id, empleado_id, created_at, updated_at, deleted_at) VALUES (3, 1, '2015-09-16 18:17:25.84325', '2015-09-16 18:17:25.84325', NULL);


--
-- TOC entry 2509 (class 0 OID 0)
-- Dependencies: 196
-- Name: salida_bodega_id_seq; Type: SEQUENCE SET; Schema: public; Owner: postgres
--

SELECT pg_catalog.setval('salida_bodega_id_seq', 3, true);


--
-- TOC entry 2442 (class 0 OID 73492)
-- Dependencies: 223
-- Data for Name: tipo_doc; Type: TABLE DATA; Schema: public; Owner: postgres
--



--
-- TOC entry 2510 (class 0 OID 0)
-- Dependencies: 191
-- Name: tipo_doc_id_seq; Type: SEQUENCE SET; Schema: public; Owner: postgres
--

SELECT pg_catalog.setval('tipo_doc_id_seq', 1, false);


--
-- TOC entry 2431 (class 0 OID 73404)
-- Dependencies: 212
-- Data for Name: tipo_id; Type: TABLE DATA; Schema: public; Owner: postgres
--

INSERT INTO tipo_id (id, desc_tipo_id, created_at, updated_at, deleted_at) VALUES (2, 'Tarjeta De Identidad', '2015-09-16 09:35:15.013111', '2015-09-16 09:35:15.013111', NULL);
INSERT INTO tipo_id (id, desc_tipo_id, created_at, updated_at, deleted_at) VALUES (3, 'Registro Civil', '2015-09-16 09:35:33.200243', '2015-09-16 09:35:33.200243', NULL);
INSERT INTO tipo_id (id, desc_tipo_id, created_at, updated_at, deleted_at) VALUES (1, 'Cedula De Ciudadania', '2015-09-03 15:49:18.105587', '2015-09-03 15:49:18.105587', NULL);
INSERT INTO tipo_id (id, desc_tipo_id, created_at, updated_at, deleted_at) VALUES (4, 'Cedula Extranjeria', '2015-09-16 09:35:51.778037', '2015-09-16 09:35:51.778037', NULL);
INSERT INTO tipo_id (id, desc_tipo_id, created_at, updated_at, deleted_at) VALUES (5, 'Libreta Militar', '2015-09-16 09:36:06.604406', '2015-09-16 09:36:06.604406', NULL);


--
-- TOC entry 2511 (class 0 OID 0)
-- Dependencies: 181
-- Name: tipo_id_id_seq; Type: SEQUENCE SET; Schema: public; Owner: postgres
--

SELECT pg_catalog.setval('tipo_id_id_seq', 5, true);


--
-- TOC entry 2429 (class 0 OID 73388)
-- Dependencies: 210
-- Data for Name: tipo_insumo; Type: TABLE DATA; Schema: public; Owner: postgres
--

INSERT INTO tipo_insumo (id, desc_tipoin, created_at, updated_at, deleted_at) VALUES (1, 'Alimento', '2015-09-03 15:48:54.529272', '2015-09-03 15:48:54.529272', NULL);
INSERT INTO tipo_insumo (id, desc_tipoin, created_at, updated_at, deleted_at) VALUES (2, 'Vacuna', '2015-09-03 15:49:04.345723', '2015-09-03 15:49:04.345723', NULL);
INSERT INTO tipo_insumo (id, desc_tipoin, created_at, updated_at, deleted_at) VALUES (4, 'Aseo', '2015-09-11 18:00:16.15971', '2015-09-11 18:00:16.15971', NULL);
INSERT INTO tipo_insumo (id, desc_tipoin, created_at, updated_at, deleted_at) VALUES (3, 'Ninguno', '2015-09-03 15:56:26.894069', '2015-09-03 15:56:26.894069', NULL);


--
-- TOC entry 2512 (class 0 OID 0)
-- Dependencies: 179
-- Name: tipo_insumo_id_seq; Type: SEQUENCE SET; Schema: public; Owner: postgres
--

SELECT pg_catalog.setval('tipo_insumo_id_seq', 4, true);


--
-- TOC entry 2439 (class 0 OID 73468)
-- Dependencies: 220
-- Data for Name: tipo_venta; Type: TABLE DATA; Schema: public; Owner: postgres
--

INSERT INTO tipo_venta (id, desc_tipov, created_at, updated_at, deleted_at) VALUES (1, 'Costilla', '2015-09-04 14:38:20.230117', '2015-09-04 14:38:20.230117', NULL);
INSERT INTO tipo_venta (id, desc_tipov, created_at, updated_at, deleted_at) VALUES (3, 'Menudo', '2015-09-04 14:38:30.869407', '2015-09-04 14:38:30.869407', NULL);
INSERT INTO tipo_venta (id, desc_tipov, created_at, updated_at, deleted_at) VALUES (2, 'Pulpa', '2015-09-04 14:38:25.330188', '2015-09-04 14:38:25.330188', NULL);


--
-- TOC entry 2513 (class 0 OID 0)
-- Dependencies: 188
-- Name: tipo_venta_id_seq; Type: SEQUENCE SET; Schema: public; Owner: postgres
--

SELECT pg_catalog.setval('tipo_venta_id_seq', 3, true);


--
-- TOC entry 2440 (class 0 OID 73476)
-- Dependencies: 221
-- Data for Name: unidad_medida; Type: TABLE DATA; Schema: public; Owner: postgres
--

INSERT INTO unidad_medida (id, descripcion, created_at, updated_at, deleted_at) VALUES (1, 'Libra', '2015-09-03 15:49:30.545601', '2015-09-03 15:49:30.545601', NULL);
INSERT INTO unidad_medida (id, descripcion, created_at, updated_at, deleted_at) VALUES (2, 'Kilo', '2015-09-03 15:49:34.876997', '2015-09-03 15:49:34.876997', NULL);
INSERT INTO unidad_medida (id, descripcion, created_at, updated_at, deleted_at) VALUES (3, 'Gramo', '2015-09-16 17:38:23.784024', '2015-09-16 17:38:23.784024', NULL);
INSERT INTO unidad_medida (id, descripcion, created_at, updated_at, deleted_at) VALUES (4, 'Ninguno', '2015-09-17 17:33:19.024256', '2015-09-17 17:33:19.024256', NULL);


--
-- TOC entry 2514 (class 0 OID 0)
-- Dependencies: 189
-- Name: unidad_medida_id_seq; Type: SEQUENCE SET; Schema: public; Owner: postgres
--

SELECT pg_catalog.setval('unidad_medida_id_seq', 4, true);


--
-- TOC entry 2423 (class 0 OID 73336)
-- Dependencies: 204
-- Data for Name: usuario; Type: TABLE DATA; Schema: public; Owner: postgres
--

INSERT INTO usuario (id, user_name, password, actived, last_login_at, created_at, updated_at, deleted_at) VALUES (1, 'admin', '202cb962ac59075b964b07152d234b70', true, '2015-09-17 18:45:33', '2015-09-03 15:47:13.837593', '2015-09-03 15:47:13.837593', NULL);


--
-- TOC entry 2424 (class 0 OID 73349)
-- Dependencies: 205
-- Data for Name: usuario_credencial; Type: TABLE DATA; Schema: public; Owner: postgres
--

INSERT INTO usuario_credencial (id, usuario_id, credencial_id, created_at) VALUES (1, 1, 1, '2015-09-03 15:47:13.837593');


--
-- TOC entry 2515 (class 0 OID 0)
-- Dependencies: 174
-- Name: usuario_credencial_id_seq; Type: SEQUENCE SET; Schema: public; Owner: postgres
--

SELECT pg_catalog.setval('usuario_credencial_id_seq', 1, true);


--
-- TOC entry 2516 (class 0 OID 0)
-- Dependencies: 173
-- Name: usuario_id_seq; Type: SEQUENCE SET; Schema: public; Owner: postgres
--

SELECT pg_catalog.setval('usuario_id_seq', 1, true);


--
-- TOC entry 2443 (class 0 OID 73500)
-- Dependencies: 224
-- Data for Name: vacunacion; Type: TABLE DATA; Schema: public; Owner: postgres
--



--
-- TOC entry 2517 (class 0 OID 0)
-- Dependencies: 192
-- Name: vacunacion_id_seq; Type: SEQUENCE SET; Schema: public; Owner: postgres
--

SELECT pg_catalog.setval('vacunacion_id_seq', 1, false);


--
-- TOC entry 2176 (class 2606 OID 73316)
-- Name: pkbitacora; Type: CONSTRAINT; Schema: public; Owner: postgres; Tablespace: 
--

ALTER TABLE ONLY bitacora
    ADD CONSTRAINT pkbitacora PRIMARY KEY (id);


--
-- TOC entry 2196 (class 2606 OID 73379)
-- Name: pkciudad; Type: CONSTRAINT; Schema: public; Owner: postgres; Tablespace: 
--

ALTER TABLE ONLY ciudad
    ADD CONSTRAINT pkciudad PRIMARY KEY (id);


--
-- TOC entry 2214 (class 2606 OID 73451)
-- Name: pkcontrol_peso; Type: CONSTRAINT; Schema: public; Owner: postgres; Tablespace: 
--

ALTER TABLE ONLY control_peso
    ADD CONSTRAINT pkcontrol_peso PRIMARY KEY (id);


--
-- TOC entry 2178 (class 2606 OID 73326)
-- Name: pkcredencial; Type: CONSTRAINT; Schema: public; Owner: postgres; Tablespace: 
--

ALTER TABLE ONLY credencial
    ADD CONSTRAINT pkcredencial PRIMARY KEY (id);


--
-- TOC entry 2192 (class 2606 OID 73363)
-- Name: pkdepto; Type: CONSTRAINT; Schema: public; Owner: postgres; Tablespace: 
--

ALTER TABLE ONLY depto
    ADD CONSTRAINT pkdepto PRIMARY KEY (id);


--
-- TOC entry 2234 (class 2606 OID 73531)
-- Name: pkdetalle_entrada; Type: CONSTRAINT; Schema: public; Owner: postgres; Tablespace: 
--

ALTER TABLE ONLY detalle_entrada
    ADD CONSTRAINT pkdetalle_entrada PRIMARY KEY (id);


--
-- TOC entry 2218 (class 2606 OID 73467)
-- Name: pkdetalle_hoja; Type: CONSTRAINT; Schema: public; Owner: postgres; Tablespace: 
--

ALTER TABLE ONLY detalle_hoja
    ADD CONSTRAINT pkdetalle_hoja PRIMARY KEY (id);


--
-- TOC entry 2238 (class 2606 OID 73547)
-- Name: pkdetalle_salida; Type: CONSTRAINT; Schema: public; Owner: postgres; Tablespace: 
--

ALTER TABLE ONLY detalle_salida
    ADD CONSTRAINT pkdetalle_salida PRIMARY KEY (id);


--
-- TOC entry 2206 (class 2606 OID 73419)
-- Name: pkempleado; Type: CONSTRAINT; Schema: public; Owner: postgres; Tablespace: 
--

ALTER TABLE ONLY empleado
    ADD CONSTRAINT pkempleado PRIMARY KEY (id);


--
-- TOC entry 2232 (class 2606 OID 73523)
-- Name: pkentrada_bodega; Type: CONSTRAINT; Schema: public; Owner: postgres; Tablespace: 
--

ALTER TABLE ONLY entrada_bodega
    ADD CONSTRAINT pkentrada_bodega PRIMARY KEY (id);


--
-- TOC entry 2212 (class 2606 OID 73443)
-- Name: pkestado; Type: CONSTRAINT; Schema: public; Owner: postgres; Tablespace: 
--

ALTER TABLE ONLY estado
    ADD CONSTRAINT pkestado PRIMARY KEY (id);


--
-- TOC entry 2194 (class 2606 OID 73371)
-- Name: pkgenero; Type: CONSTRAINT; Schema: public; Owner: postgres; Tablespace: 
--

ALTER TABLE ONLY genero
    ADD CONSTRAINT pkgenero PRIMARY KEY (id);


--
-- TOC entry 2216 (class 2606 OID 73459)
-- Name: pkhoja_vida; Type: CONSTRAINT; Schema: public; Owner: postgres; Tablespace: 
--

ALTER TABLE ONLY hoja_vida
    ADD CONSTRAINT pkhoja_vida PRIMARY KEY (id);


--
-- TOC entry 2202 (class 2606 OID 73403)
-- Name: pkinsumo; Type: CONSTRAINT; Schema: public; Owner: postgres; Tablespace: 
--

ALTER TABLE ONLY insumo
    ADD CONSTRAINT pkinsumo PRIMARY KEY (id);


--
-- TOC entry 2242 (class 2606 OID 73565)
-- Name: pkinventario; Type: CONSTRAINT; Schema: public; Owner: postgres; Tablespace: 
--

ALTER TABLE ONLY inventario
    ADD CONSTRAINT pkinventario PRIMARY KEY (id);


--
-- TOC entry 2208 (class 2606 OID 73427)
-- Name: pklote; Type: CONSTRAINT; Schema: public; Owner: postgres; Tablespace: 
--

ALTER TABLE ONLY lote
    ADD CONSTRAINT pklote PRIMARY KEY (id);


--
-- TOC entry 2230 (class 2606 OID 73515)
-- Name: pkparto; Type: CONSTRAINT; Schema: public; Owner: postgres; Tablespace: 
--

ALTER TABLE ONLY parto
    ADD CONSTRAINT pkparto PRIMARY KEY (id);


--
-- TOC entry 2198 (class 2606 OID 73387)
-- Name: pkproveedor; Type: CONSTRAINT; Schema: public; Owner: postgres; Tablespace: 
--

ALTER TABLE ONLY proveedor
    ADD CONSTRAINT pkproveedor PRIMARY KEY (id);


--
-- TOC entry 2210 (class 2606 OID 73435)
-- Name: pkraza; Type: CONSTRAINT; Schema: public; Owner: postgres; Tablespace: 
--

ALTER TABLE ONLY raza
    ADD CONSTRAINT pkraza PRIMARY KEY (id);


--
-- TOC entry 2180 (class 2606 OID 73333)
-- Name: pkrecordar_me; Type: CONSTRAINT; Schema: public; Owner: postgres; Tablespace: 
--

ALTER TABLE ONLY recordar_me
    ADD CONSTRAINT pkrecordar_me PRIMARY KEY (id);


--
-- TOC entry 2240 (class 2606 OID 73557)
-- Name: pkreporte; Type: CONSTRAINT; Schema: public; Owner: postgres; Tablespace: 
--

ALTER TABLE ONLY reporte
    ADD CONSTRAINT pkreporte PRIMARY KEY (id);


--
-- TOC entry 2224 (class 2606 OID 73491)
-- Name: pksacrificio_venta; Type: CONSTRAINT; Schema: public; Owner: postgres; Tablespace: 
--

ALTER TABLE ONLY sacrificio_venta
    ADD CONSTRAINT pksacrificio_venta PRIMARY KEY (id);


--
-- TOC entry 2236 (class 2606 OID 73539)
-- Name: pksalida_bodega; Type: CONSTRAINT; Schema: public; Owner: postgres; Tablespace: 
--

ALTER TABLE ONLY salida_bodega
    ADD CONSTRAINT pksalida_bodega PRIMARY KEY (id);


--
-- TOC entry 2226 (class 2606 OID 73499)
-- Name: pktipo_doc; Type: CONSTRAINT; Schema: public; Owner: postgres; Tablespace: 
--

ALTER TABLE ONLY tipo_doc
    ADD CONSTRAINT pktipo_doc PRIMARY KEY (id);


--
-- TOC entry 2204 (class 2606 OID 73411)
-- Name: pktipo_id; Type: CONSTRAINT; Schema: public; Owner: postgres; Tablespace: 
--

ALTER TABLE ONLY tipo_id
    ADD CONSTRAINT pktipo_id PRIMARY KEY (id);


--
-- TOC entry 2200 (class 2606 OID 73395)
-- Name: pktipo_insumo; Type: CONSTRAINT; Schema: public; Owner: postgres; Tablespace: 
--

ALTER TABLE ONLY tipo_insumo
    ADD CONSTRAINT pktipo_insumo PRIMARY KEY (id);


--
-- TOC entry 2220 (class 2606 OID 73475)
-- Name: pktipo_venta; Type: CONSTRAINT; Schema: public; Owner: postgres; Tablespace: 
--

ALTER TABLE ONLY tipo_venta
    ADD CONSTRAINT pktipo_venta PRIMARY KEY (id);


--
-- TOC entry 2222 (class 2606 OID 73483)
-- Name: pkunidad_medida; Type: CONSTRAINT; Schema: public; Owner: postgres; Tablespace: 
--

ALTER TABLE ONLY unidad_medida
    ADD CONSTRAINT pkunidad_medida PRIMARY KEY (id);


--
-- TOC entry 2184 (class 2606 OID 73344)
-- Name: pkusuario; Type: CONSTRAINT; Schema: public; Owner: postgres; Tablespace: 
--

ALTER TABLE ONLY usuario
    ADD CONSTRAINT pkusuario PRIMARY KEY (id);


--
-- TOC entry 2190 (class 2606 OID 73355)
-- Name: pkusuario_credencial; Type: CONSTRAINT; Schema: public; Owner: postgres; Tablespace: 
--

ALTER TABLE ONLY usuario_credencial
    ADD CONSTRAINT pkusuario_credencial PRIMARY KEY (id);


--
-- TOC entry 2228 (class 2606 OID 73507)
-- Name: pkvacunacion; Type: CONSTRAINT; Schema: public; Owner: postgres; Tablespace: 
--

ALTER TABLE ONLY vacunacion
    ADD CONSTRAINT pkvacunacion PRIMARY KEY (id);


--
-- TOC entry 2173 (class 1259 OID 73317)
-- Name: bitacora_fecha_Idx; Type: INDEX; Schema: public; Owner: postgres; Tablespace: 
--

CREATE INDEX "bitacora_fecha_Idx" ON bitacora USING btree (fecha);


--
-- TOC entry 2174 (class 1259 OID 73318)
-- Name: bitacora_usuario_id_Idx; Type: INDEX; Schema: public; Owner: postgres; Tablespace: 
--

CREATE INDEX "bitacora_usuario_id_Idx" ON bitacora USING btree (usuario_id);


--
-- TOC entry 2181 (class 1259 OID 73334)
-- Name: recordar_me_ip_address_hash_cookie_Idx; Type: INDEX; Schema: public; Owner: postgres; Tablespace: 
--

CREATE UNIQUE INDEX "recordar_me_ip_address_hash_cookie_Idx" ON recordar_me USING btree (ip_address, hash_cookie);


--
-- TOC entry 2182 (class 1259 OID 73335)
-- Name: recordar_me_usuario_id_Idx; Type: INDEX; Schema: public; Owner: postgres; Tablespace: 
--

CREATE INDEX "recordar_me_usuario_id_Idx" ON recordar_me USING btree (usuario_id);


--
-- TOC entry 2185 (class 1259 OID 73345)
-- Name: usuario_actived_Idx; Type: INDEX; Schema: public; Owner: postgres; Tablespace: 
--

CREATE INDEX "usuario_actived_Idx" ON usuario USING btree (actived);


--
-- TOC entry 2186 (class 1259 OID 73346)
-- Name: usuario_deleted_at_Idx; Type: INDEX; Schema: public; Owner: postgres; Tablespace: 
--

CREATE INDEX "usuario_deleted_at_Idx" ON usuario USING btree (deleted_at);


--
-- TOC entry 2187 (class 1259 OID 73347)
-- Name: usuario_user_name_Idx; Type: INDEX; Schema: public; Owner: postgres; Tablespace: 
--

CREATE UNIQUE INDEX "usuario_user_name_Idx" ON usuario USING btree (user_name);


--
-- TOC entry 2188 (class 1259 OID 73348)
-- Name: usuario_user_name_password_Idx; Type: INDEX; Schema: public; Owner: postgres; Tablespace: 
--

CREATE INDEX "usuario_user_name_password_Idx" ON usuario USING btree (user_name, password);


--
-- TOC entry 2243 (class 2606 OID 73566)
-- Name: fk_bitacora_usuario; Type: FK CONSTRAINT; Schema: public; Owner: postgres
--

ALTER TABLE ONLY bitacora
    ADD CONSTRAINT fk_bitacora_usuario FOREIGN KEY (usuario_id) REFERENCES usuario(id) ON UPDATE RESTRICT ON DELETE RESTRICT;


--
-- TOC entry 2247 (class 2606 OID 73586)
-- Name: fk_ciudad; Type: FK CONSTRAINT; Schema: public; Owner: postgres
--

ALTER TABLE ONLY ciudad
    ADD CONSTRAINT fk_ciudad FOREIGN KEY (depto_id) REFERENCES depto(id) ON UPDATE RESTRICT ON DELETE RESTRICT;


--
-- TOC entry 2253 (class 2606 OID 73616)
-- Name: fk_control_peso_empleado; Type: FK CONSTRAINT; Schema: public; Owner: postgres
--

ALTER TABLE ONLY control_peso
    ADD CONSTRAINT fk_control_peso_empleado FOREIGN KEY (empleado_id) REFERENCES empleado(id) ON UPDATE RESTRICT ON DELETE RESTRICT;


--
-- TOC entry 2255 (class 2606 OID 73626)
-- Name: fk_control_peso_unidad_hoja_vida; Type: FK CONSTRAINT; Schema: public; Owner: postgres
--

ALTER TABLE ONLY control_peso
    ADD CONSTRAINT fk_control_peso_unidad_hoja_vida FOREIGN KEY (hoja_vida_id) REFERENCES hoja_vida(id) ON UPDATE RESTRICT ON DELETE RESTRICT;


--
-- TOC entry 2254 (class 2606 OID 73621)
-- Name: fk_control_peso_unidad_peso; Type: FK CONSTRAINT; Schema: public; Owner: postgres
--

ALTER TABLE ONLY control_peso
    ADD CONSTRAINT fk_control_peso_unidad_peso FOREIGN KEY (unidad_medida_id) REFERENCES unidad_medida(id) ON UPDATE RESTRICT ON DELETE RESTRICT;


--
-- TOC entry 2272 (class 2606 OID 73711)
-- Name: fk_detalle_entrada_entrada_bodega; Type: FK CONSTRAINT; Schema: public; Owner: postgres
--

ALTER TABLE ONLY detalle_entrada
    ADD CONSTRAINT fk_detalle_entrada_entrada_bodega FOREIGN KEY (entrada_bodega_id) REFERENCES entrada_bodega(id) ON UPDATE RESTRICT ON DELETE RESTRICT;


--
-- TOC entry 2273 (class 2606 OID 73716)
-- Name: fk_detalle_entrada_insumo; Type: FK CONSTRAINT; Schema: public; Owner: postgres
--

ALTER TABLE ONLY detalle_entrada
    ADD CONSTRAINT fk_detalle_entrada_insumo FOREIGN KEY (insumo_id) REFERENCES insumo(id) ON UPDATE RESTRICT ON DELETE RESTRICT;


--
-- TOC entry 2274 (class 2606 OID 73721)
-- Name: fk_detalle_entrada_unidad_medida; Type: FK CONSTRAINT; Schema: public; Owner: postgres
--

ALTER TABLE ONLY detalle_entrada
    ADD CONSTRAINT fk_detalle_entrada_unidad_medida FOREIGN KEY (unidad_medida_id) REFERENCES unidad_medida(id) ON UPDATE RESTRICT ON DELETE RESTRICT;


--
-- TOC entry 2262 (class 2606 OID 73661)
-- Name: fk_detalle_hoja_hoja_vida; Type: FK CONSTRAINT; Schema: public; Owner: postgres
--

ALTER TABLE ONLY detalle_hoja
    ADD CONSTRAINT fk_detalle_hoja_hoja_vida FOREIGN KEY (hoja_vida_id) REFERENCES hoja_vida(id) ON UPDATE RESTRICT ON DELETE RESTRICT;


--
-- TOC entry 2261 (class 2606 OID 73656)
-- Name: fk_detalle_hoja_insumo; Type: FK CONSTRAINT; Schema: public; Owner: postgres
--

ALTER TABLE ONLY detalle_hoja
    ADD CONSTRAINT fk_detalle_hoja_insumo FOREIGN KEY (insumo_id) REFERENCES insumo(id) ON UPDATE RESTRICT ON DELETE RESTRICT;


--
-- TOC entry 2263 (class 2606 OID 73666)
-- Name: fk_detalle_hoja_tipo_insumo; Type: FK CONSTRAINT; Schema: public; Owner: postgres
--

ALTER TABLE ONLY detalle_hoja
    ADD CONSTRAINT fk_detalle_hoja_tipo_insumo FOREIGN KEY (tipo_insumo_id) REFERENCES tipo_insumo(id) ON UPDATE RESTRICT ON DELETE RESTRICT;


--
-- TOC entry 2260 (class 2606 OID 73651)
-- Name: fk_detalle_hoja_unidad_medida; Type: FK CONSTRAINT; Schema: public; Owner: postgres
--

ALTER TABLE ONLY detalle_hoja
    ADD CONSTRAINT fk_detalle_hoja_unidad_medida FOREIGN KEY (unidad_medida_id) REFERENCES unidad_medida(id) ON UPDATE RESTRICT ON DELETE RESTRICT;


--
-- TOC entry 2278 (class 2606 OID 73741)
-- Name: fk_detalle_salida_insumo; Type: FK CONSTRAINT; Schema: public; Owner: postgres
--

ALTER TABLE ONLY detalle_salida
    ADD CONSTRAINT fk_detalle_salida_insumo FOREIGN KEY (insumo_id) REFERENCES insumo(id) ON UPDATE RESTRICT ON DELETE RESTRICT;


--
-- TOC entry 2279 (class 2606 OID 73746)
-- Name: fk_detalle_salida_lote; Type: FK CONSTRAINT; Schema: public; Owner: postgres
--

ALTER TABLE ONLY detalle_salida
    ADD CONSTRAINT fk_detalle_salida_lote FOREIGN KEY (lote_id) REFERENCES lote(id) ON UPDATE RESTRICT ON DELETE RESTRICT;


--
-- TOC entry 2276 (class 2606 OID 73731)
-- Name: fk_detalle_salida_salida_bodega; Type: FK CONSTRAINT; Schema: public; Owner: postgres
--

ALTER TABLE ONLY detalle_salida
    ADD CONSTRAINT fk_detalle_salida_salida_bodega FOREIGN KEY (salida_bodega_id) REFERENCES salida_bodega(id) ON UPDATE RESTRICT ON DELETE RESTRICT;


--
-- TOC entry 2277 (class 2606 OID 73736)
-- Name: fk_detalle_salida_unidad_medida; Type: FK CONSTRAINT; Schema: public; Owner: postgres
--

ALTER TABLE ONLY detalle_salida
    ADD CONSTRAINT fk_detalle_salida_unidad_medida FOREIGN KEY (unidad_medida_id) REFERENCES unidad_medida(id) ON UPDATE RESTRICT ON DELETE RESTRICT;


--
-- TOC entry 2251 (class 2606 OID 73606)
-- Name: fk_empleado_tipo_id; Type: FK CONSTRAINT; Schema: public; Owner: postgres
--

ALTER TABLE ONLY empleado
    ADD CONSTRAINT fk_empleado_tipo_id FOREIGN KEY (tipo_id_id) REFERENCES tipo_id(id) ON UPDATE RESTRICT ON DELETE RESTRICT;


--
-- TOC entry 2252 (class 2606 OID 73611)
-- Name: fk_empleado_usuario; Type: FK CONSTRAINT; Schema: public; Owner: postgres
--

ALTER TABLE ONLY empleado
    ADD CONSTRAINT fk_empleado_usuario FOREIGN KEY (usuario_id) REFERENCES usuario(id) ON UPDATE RESTRICT ON DELETE RESTRICT;


--
-- TOC entry 2270 (class 2606 OID 73701)
-- Name: fk_entrada_bodega_empleado; Type: FK CONSTRAINT; Schema: public; Owner: postgres
--

ALTER TABLE ONLY entrada_bodega
    ADD CONSTRAINT fk_entrada_bodega_empleado FOREIGN KEY (empleado_id) REFERENCES empleado(id) ON UPDATE RESTRICT ON DELETE RESTRICT;


--
-- TOC entry 2271 (class 2606 OID 73706)
-- Name: fk_entrada_bodega_proveedor; Type: FK CONSTRAINT; Schema: public; Owner: postgres
--

ALTER TABLE ONLY entrada_bodega
    ADD CONSTRAINT fk_entrada_bodega_proveedor FOREIGN KEY (proveedor_id) REFERENCES proveedor(id) ON UPDATE RESTRICT ON DELETE RESTRICT;


--
-- TOC entry 2259 (class 2606 OID 73646)
-- Name: fk_hoja_vida_estado; Type: FK CONSTRAINT; Schema: public; Owner: postgres
--

ALTER TABLE ONLY hoja_vida
    ADD CONSTRAINT fk_hoja_vida_estado FOREIGN KEY (estado_id) REFERENCES estado(id) ON UPDATE RESTRICT ON DELETE RESTRICT;


--
-- TOC entry 2257 (class 2606 OID 73636)
-- Name: fk_hoja_vida_genero; Type: FK CONSTRAINT; Schema: public; Owner: postgres
--

ALTER TABLE ONLY hoja_vida
    ADD CONSTRAINT fk_hoja_vida_genero FOREIGN KEY (genero_id) REFERENCES genero(id) ON UPDATE RESTRICT ON DELETE RESTRICT;


--
-- TOC entry 2256 (class 2606 OID 73631)
-- Name: fk_hoja_vida_lote; Type: FK CONSTRAINT; Schema: public; Owner: postgres
--

ALTER TABLE ONLY hoja_vida
    ADD CONSTRAINT fk_hoja_vida_lote FOREIGN KEY (lote_id) REFERENCES lote(id) ON UPDATE RESTRICT ON DELETE RESTRICT;


--
-- TOC entry 2258 (class 2606 OID 73641)
-- Name: fk_hoja_vida_raza; Type: FK CONSTRAINT; Schema: public; Owner: postgres
--

ALTER TABLE ONLY hoja_vida
    ADD CONSTRAINT fk_hoja_vida_raza FOREIGN KEY (raza_id) REFERENCES raza(id) ON UPDATE RESTRICT ON DELETE RESTRICT;


--
-- TOC entry 2250 (class 2606 OID 73601)
-- Name: fk_insumo_proveedor; Type: FK CONSTRAINT; Schema: public; Owner: postgres
--

ALTER TABLE ONLY insumo
    ADD CONSTRAINT fk_insumo_proveedor FOREIGN KEY (proveedor_id) REFERENCES proveedor(id) ON UPDATE RESTRICT ON DELETE RESTRICT;


--
-- TOC entry 2249 (class 2606 OID 73596)
-- Name: fk_insumo_tipo_insumo; Type: FK CONSTRAINT; Schema: public; Owner: postgres
--

ALTER TABLE ONLY insumo
    ADD CONSTRAINT fk_insumo_tipo_insumo FOREIGN KEY (tipo_insumo_id) REFERENCES tipo_insumo(id) ON UPDATE RESTRICT ON DELETE RESTRICT;


--
-- TOC entry 2280 (class 2606 OID 73751)
-- Name: fk_inventario_insumo; Type: FK CONSTRAINT; Schema: public; Owner: postgres
--

ALTER TABLE ONLY inventario
    ADD CONSTRAINT fk_inventario_insumo FOREIGN KEY (insumo_id) REFERENCES insumo(id) ON UPDATE RESTRICT ON DELETE RESTRICT;


--
-- TOC entry 2281 (class 2606 OID 73756)
-- Name: fk_inventario_tipo_doc; Type: FK CONSTRAINT; Schema: public; Owner: postgres
--

ALTER TABLE ONLY inventario
    ADD CONSTRAINT fk_inventario_tipo_doc FOREIGN KEY (tipo_doc_id) REFERENCES tipo_doc(id) ON UPDATE RESTRICT ON DELETE RESTRICT;


--
-- TOC entry 2269 (class 2606 OID 73696)
-- Name: fk_parto; Type: FK CONSTRAINT; Schema: public; Owner: postgres
--

ALTER TABLE ONLY parto
    ADD CONSTRAINT fk_parto FOREIGN KEY (hoja_vida_id) REFERENCES hoja_vida(id) ON UPDATE RESTRICT ON DELETE RESTRICT;


--
-- TOC entry 2248 (class 2606 OID 73591)
-- Name: fk_proveedor; Type: FK CONSTRAINT; Schema: public; Owner: postgres
--

ALTER TABLE ONLY proveedor
    ADD CONSTRAINT fk_proveedor FOREIGN KEY (ciudad_id) REFERENCES ciudad(id) ON UPDATE RESTRICT ON DELETE RESTRICT;


--
-- TOC entry 2244 (class 2606 OID 73571)
-- Name: fk_recordar_me_usuario; Type: FK CONSTRAINT; Schema: public; Owner: postgres
--

ALTER TABLE ONLY recordar_me
    ADD CONSTRAINT fk_recordar_me_usuario FOREIGN KEY (usuario_id) REFERENCES usuario(id) ON UPDATE RESTRICT ON DELETE RESTRICT;


--
-- TOC entry 2266 (class 2606 OID 73681)
-- Name: fk_sacrificio_venta_id_cerdo; Type: FK CONSTRAINT; Schema: public; Owner: postgres
--

ALTER TABLE ONLY sacrificio_venta
    ADD CONSTRAINT fk_sacrificio_venta_id_cerdo FOREIGN KEY (id_cerdo) REFERENCES hoja_vida(id) ON UPDATE RESTRICT ON DELETE RESTRICT;


--
-- TOC entry 2264 (class 2606 OID 73671)
-- Name: fk_sacrificio_venta_tipo_venta; Type: FK CONSTRAINT; Schema: public; Owner: postgres
--

ALTER TABLE ONLY sacrificio_venta
    ADD CONSTRAINT fk_sacrificio_venta_tipo_venta FOREIGN KEY (tipo_venta_id) REFERENCES tipo_venta(id) ON UPDATE RESTRICT ON DELETE RESTRICT;


--
-- TOC entry 2265 (class 2606 OID 73676)
-- Name: fk_sacrificio_venta_unidad_medida; Type: FK CONSTRAINT; Schema: public; Owner: postgres
--

ALTER TABLE ONLY sacrificio_venta
    ADD CONSTRAINT fk_sacrificio_venta_unidad_medida FOREIGN KEY (unidad_medida_id) REFERENCES unidad_medida(id) ON UPDATE RESTRICT ON DELETE RESTRICT;


--
-- TOC entry 2275 (class 2606 OID 73726)
-- Name: fk_salida_bodega_empleado; Type: FK CONSTRAINT; Schema: public; Owner: postgres
--

ALTER TABLE ONLY salida_bodega
    ADD CONSTRAINT fk_salida_bodega_empleado FOREIGN KEY (empleado_id) REFERENCES empleado(id) ON UPDATE RESTRICT ON DELETE RESTRICT;


--
-- TOC entry 2245 (class 2606 OID 73576)
-- Name: fk_usuario_credencial_credencial; Type: FK CONSTRAINT; Schema: public; Owner: postgres
--

ALTER TABLE ONLY usuario_credencial
    ADD CONSTRAINT fk_usuario_credencial_credencial FOREIGN KEY (credencial_id) REFERENCES credencial(id) ON UPDATE RESTRICT ON DELETE RESTRICT;


--
-- TOC entry 2246 (class 2606 OID 73581)
-- Name: fk_usuario_credencial_usuario; Type: FK CONSTRAINT; Schema: public; Owner: postgres
--

ALTER TABLE ONLY usuario_credencial
    ADD CONSTRAINT fk_usuario_credencial_usuario FOREIGN KEY (usuario_id) REFERENCES usuario(id) ON UPDATE RESTRICT ON DELETE RESTRICT;


--
-- TOC entry 2267 (class 2606 OID 73686)
-- Name: fk_vacunacion_id_cerdo; Type: FK CONSTRAINT; Schema: public; Owner: postgres
--

ALTER TABLE ONLY vacunacion
    ADD CONSTRAINT fk_vacunacion_id_cerdo FOREIGN KEY (id_cerdo) REFERENCES hoja_vida(id) ON UPDATE RESTRICT ON DELETE RESTRICT;


--
-- TOC entry 2268 (class 2606 OID 73691)
-- Name: fk_vacunacion_insumo; Type: FK CONSTRAINT; Schema: public; Owner: postgres
--

ALTER TABLE ONLY vacunacion
    ADD CONSTRAINT fk_vacunacion_insumo FOREIGN KEY (insumo_id) REFERENCES insumo(id) ON UPDATE RESTRICT ON DELETE RESTRICT;


--
-- TOC entry 2456 (class 0 OID 0)
-- Dependencies: 5
-- Name: public; Type: ACL; Schema: -; Owner: postgres
--

REVOKE ALL ON SCHEMA public FROM PUBLIC;
REVOKE ALL ON SCHEMA public FROM postgres;
GRANT ALL ON SCHEMA public TO postgres;
GRANT ALL ON SCHEMA public TO PUBLIC;


-- Completed on 2015-09-17 18:51:12 COT

--
-- PostgreSQL database dump complete
--

