--
-- PostgreSQL database dump
--

-- Dumped from database version 9.3.4
-- Dumped by pg_dump version 9.3.4
-- Started on 2015-08-28 11:20:38 COT

SET statement_timeout = 0;
SET lock_timeout = 0;
SET client_encoding = 'UTF8';
SET standard_conforming_strings = on;
SET check_function_bodies = false;
SET client_min_messages = warning;

--
-- TOC entry 230 (class 3079 OID 11829)
-- Name: plpgsql; Type: EXTENSION; Schema: -; Owner: 
--

CREATE EXTENSION IF NOT EXISTS plpgsql WITH SCHEMA pg_catalog;


--
-- TOC entry 2439 (class 0 OID 0)
-- Dependencies: 230
-- Name: EXTENSION plpgsql; Type: COMMENT; Schema: -; Owner: 
--

COMMENT ON EXTENSION plpgsql IS 'PL/pgSQL procedural language';


SET search_path = public, pg_catalog;

--
-- TOC entry 170 (class 1259 OID 61210)
-- Name: bitacora_id_seq; Type: SEQUENCE; Schema: public; Owner: postgres
--

CREATE SEQUENCE bitacora_id_seq
    START WITH 1
    INCREMENT BY 1
    NO MINVALUE
    NO MAXVALUE
    CACHE 1;


ALTER TABLE public.bitacora_id_seq OWNER TO postgres;

--
-- TOC entry 2440 (class 0 OID 0)
-- Dependencies: 170
-- Name: SEQUENCE bitacora_id_seq; Type: COMMENT; Schema: public; Owner: postgres
--

COMMENT ON SEQUENCE bitacora_id_seq IS 'DbWrench Autogenerated Sequence.';


SET default_tablespace = '';

SET default_with_oids = false;

--
-- TOC entry 200 (class 1259 OID 61270)
-- Name: bitacora; Type: TABLE; Schema: public; Owner: postgres; Tablespace: 
--

CREATE TABLE bitacora (
    id bigint DEFAULT nextval('bitacora_id_seq'::regclass) NOT NULL,
    usuario_id bigint NOT NULL,
    accion character varying(80) NOT NULL,
    tabla character varying(80) NOT NULL,
    registro bigint,
    observacion character varying(1024),
    fecha timestamp without time zone DEFAULT now() NOT NULL
);


ALTER TABLE public.bitacora OWNER TO postgres;

--
-- TOC entry 177 (class 1259 OID 61224)
-- Name: ciudad_id_seq; Type: SEQUENCE; Schema: public; Owner: postgres
--

CREATE SEQUENCE ciudad_id_seq
    START WITH 1
    INCREMENT BY 1
    NO MINVALUE
    NO MAXVALUE
    CACHE 1;


ALTER TABLE public.ciudad_id_seq OWNER TO postgres;

--
-- TOC entry 2441 (class 0 OID 0)
-- Dependencies: 177
-- Name: SEQUENCE ciudad_id_seq; Type: COMMENT; Schema: public; Owner: postgres
--

COMMENT ON SEQUENCE ciudad_id_seq IS 'DbWrench Autogenerated Sequence.';


--
-- TOC entry 207 (class 1259 OID 61335)
-- Name: ciudad; Type: TABLE; Schema: public; Owner: postgres; Tablespace: 
--

CREATE TABLE ciudad (
    id bigint DEFAULT nextval('ciudad_id_seq'::regclass) NOT NULL,
    nom_ciudad character varying(80) NOT NULL,
    depto_id bigint NOT NULL,
    created_at timestamp without time zone DEFAULT now() NOT NULL,
    updated_at timestamp without time zone DEFAULT now() NOT NULL,
    deleted_at timestamp without time zone
);


ALTER TABLE public.ciudad OWNER TO postgres;

--
-- TOC entry 186 (class 1259 OID 61242)
-- Name: control_peso_id_seq; Type: SEQUENCE; Schema: public; Owner: postgres
--

CREATE SEQUENCE control_peso_id_seq
    START WITH 1
    INCREMENT BY 1
    NO MINVALUE
    NO MAXVALUE
    CACHE 1;


ALTER TABLE public.control_peso_id_seq OWNER TO postgres;

--
-- TOC entry 216 (class 1259 OID 61407)
-- Name: control_peso; Type: TABLE; Schema: public; Owner: postgres; Tablespace: 
--

CREATE TABLE control_peso (
    id bigint DEFAULT nextval('control_peso_id_seq'::regclass) NOT NULL,
    peso_cerdo integer NOT NULL,
    unidad_medida_id bigint NOT NULL,
    hoja_vida_id bigint NOT NULL,
    empleado_id bigint NOT NULL,
    created_at timestamp without time zone DEFAULT now() NOT NULL,
    updated_at timestamp without time zone DEFAULT now() NOT NULL,
    deleted_at timestamp without time zone
);


ALTER TABLE public.control_peso OWNER TO postgres;

--
-- TOC entry 171 (class 1259 OID 61212)
-- Name: credencial_id_seq; Type: SEQUENCE; Schema: public; Owner: postgres
--

CREATE SEQUENCE credencial_id_seq
    START WITH 1
    INCREMENT BY 1
    NO MINVALUE
    NO MAXVALUE
    CACHE 1;


ALTER TABLE public.credencial_id_seq OWNER TO postgres;

--
-- TOC entry 2442 (class 0 OID 0)
-- Dependencies: 171
-- Name: SEQUENCE credencial_id_seq; Type: COMMENT; Schema: public; Owner: postgres
--

COMMENT ON SEQUENCE credencial_id_seq IS 'DbWrench Autogenerated Sequence.';


--
-- TOC entry 201 (class 1259 OID 61282)
-- Name: credencial; Type: TABLE; Schema: public; Owner: postgres; Tablespace: 
--

CREATE TABLE credencial (
    id bigint DEFAULT nextval('credencial_id_seq'::regclass) NOT NULL,
    nombre character varying(80) NOT NULL,
    created_at timestamp without time zone DEFAULT now() NOT NULL,
    updated_at timestamp without time zone DEFAULT now() NOT NULL,
    deleted_at timestamp without time zone
);


ALTER TABLE public.credencial OWNER TO postgres;

--
-- TOC entry 175 (class 1259 OID 61220)
-- Name: depto_id_seq; Type: SEQUENCE; Schema: public; Owner: postgres
--

CREATE SEQUENCE depto_id_seq
    START WITH 1
    INCREMENT BY 1
    NO MINVALUE
    NO MAXVALUE
    CACHE 1;


ALTER TABLE public.depto_id_seq OWNER TO postgres;

--
-- TOC entry 2443 (class 0 OID 0)
-- Dependencies: 175
-- Name: SEQUENCE depto_id_seq; Type: COMMENT; Schema: public; Owner: postgres
--

COMMENT ON SEQUENCE depto_id_seq IS 'DbWrench Autogenerated Sequence.';


--
-- TOC entry 205 (class 1259 OID 61319)
-- Name: depto; Type: TABLE; Schema: public; Owner: postgres; Tablespace: 
--

CREATE TABLE depto (
    id bigint DEFAULT nextval('depto_id_seq'::regclass) NOT NULL,
    nom_depto character varying(80) NOT NULL,
    created_at timestamp without time zone DEFAULT now() NOT NULL,
    updated_at timestamp without time zone DEFAULT now() NOT NULL,
    deleted_at timestamp without time zone
);


ALTER TABLE public.depto OWNER TO postgres;

--
-- TOC entry 195 (class 1259 OID 61260)
-- Name: detalle_entrada_id_seq; Type: SEQUENCE; Schema: public; Owner: postgres
--

CREATE SEQUENCE detalle_entrada_id_seq
    START WITH 1
    INCREMENT BY 1
    NO MINVALUE
    NO MAXVALUE
    CACHE 1;


ALTER TABLE public.detalle_entrada_id_seq OWNER TO postgres;

--
-- TOC entry 2444 (class 0 OID 0)
-- Dependencies: 195
-- Name: SEQUENCE detalle_entrada_id_seq; Type: COMMENT; Schema: public; Owner: postgres
--

COMMENT ON SEQUENCE detalle_entrada_id_seq IS 'DbWrench Autogenerated Sequence.';


--
-- TOC entry 225 (class 1259 OID 61479)
-- Name: detalle_entrada; Type: TABLE; Schema: public; Owner: postgres; Tablespace: 
--

CREATE TABLE detalle_entrada (
    id bigint DEFAULT nextval('detalle_entrada_id_seq'::regclass) NOT NULL,
    cantidad bigint NOT NULL,
    valor bigint NOT NULL,
    entrada_bodega_id bigint NOT NULL,
    insumo_id bigint NOT NULL,
    unidad_medida_id bigint NOT NULL,
    created_at timestamp without time zone DEFAULT now() NOT NULL,
    updated_at timestamp without time zone DEFAULT now() NOT NULL,
    deleted_at timestamp without time zone
);


ALTER TABLE public.detalle_entrada OWNER TO postgres;

--
-- TOC entry 197 (class 1259 OID 61264)
-- Name: detalle_salida_id_seq; Type: SEQUENCE; Schema: public; Owner: postgres
--

CREATE SEQUENCE detalle_salida_id_seq
    START WITH 1
    INCREMENT BY 1
    NO MINVALUE
    NO MAXVALUE
    CACHE 1;


ALTER TABLE public.detalle_salida_id_seq OWNER TO postgres;

--
-- TOC entry 2445 (class 0 OID 0)
-- Dependencies: 197
-- Name: SEQUENCE detalle_salida_id_seq; Type: COMMENT; Schema: public; Owner: postgres
--

COMMENT ON SEQUENCE detalle_salida_id_seq IS 'DbWrench Autogenerated Sequence.';


--
-- TOC entry 227 (class 1259 OID 61495)
-- Name: detalle_salida; Type: TABLE; Schema: public; Owner: postgres; Tablespace: 
--

CREATE TABLE detalle_salida (
    id bigint DEFAULT nextval('detalle_salida_id_seq'::regclass) NOT NULL,
    cantidad bigint NOT NULL,
    salida_bodega_id bigint NOT NULL,
    insumo_id bigint NOT NULL,
    unidad_medida_id bigint NOT NULL,
    created_at timestamp without time zone DEFAULT now() NOT NULL,
    updated_at timestamp without time zone DEFAULT now() NOT NULL,
    deleted_at timestamp without time zone
);


ALTER TABLE public.detalle_salida OWNER TO postgres;

--
-- TOC entry 182 (class 1259 OID 61234)
-- Name: empleado_id_seq; Type: SEQUENCE; Schema: public; Owner: postgres
--

CREATE SEQUENCE empleado_id_seq
    START WITH 1
    INCREMENT BY 1
    NO MINVALUE
    NO MAXVALUE
    CACHE 1;


ALTER TABLE public.empleado_id_seq OWNER TO postgres;

--
-- TOC entry 2446 (class 0 OID 0)
-- Dependencies: 182
-- Name: SEQUENCE empleado_id_seq; Type: COMMENT; Schema: public; Owner: postgres
--

COMMENT ON SEQUENCE empleado_id_seq IS 'DbWrench Autogenerated Sequence.';


--
-- TOC entry 212 (class 1259 OID 61375)
-- Name: empleado; Type: TABLE; Schema: public; Owner: postgres; Tablespace: 
--

CREATE TABLE empleado (
    id bigint DEFAULT nextval('empleado_id_seq'::regclass) NOT NULL,
    nombre character varying(80) NOT NULL,
    apellido character varying(80) NOT NULL,
    direccion character varying(100) NOT NULL,
    correo character varying(50) NOT NULL,
    telefono character varying(12) NOT NULL,
    tipo_id_id bigint NOT NULL,
    usuario_id bigint NOT NULL,
    created_at timestamp without time zone DEFAULT now() NOT NULL,
    updated_at timestamp without time zone DEFAULT now() NOT NULL,
    deleted_at timestamp without time zone,
    documento bigint
);


ALTER TABLE public.empleado OWNER TO postgres;

--
-- TOC entry 194 (class 1259 OID 61258)
-- Name: entrada_bodega_id_seq; Type: SEQUENCE; Schema: public; Owner: postgres
--

CREATE SEQUENCE entrada_bodega_id_seq
    START WITH 1
    INCREMENT BY 1
    NO MINVALUE
    NO MAXVALUE
    CACHE 1;


ALTER TABLE public.entrada_bodega_id_seq OWNER TO postgres;

--
-- TOC entry 2447 (class 0 OID 0)
-- Dependencies: 194
-- Name: SEQUENCE entrada_bodega_id_seq; Type: COMMENT; Schema: public; Owner: postgres
--

COMMENT ON SEQUENCE entrada_bodega_id_seq IS 'DbWrench Autogenerated Sequence.';


--
-- TOC entry 224 (class 1259 OID 61471)
-- Name: entrada_bodega; Type: TABLE; Schema: public; Owner: postgres; Tablespace: 
--

CREATE TABLE entrada_bodega (
    id bigint DEFAULT nextval('entrada_bodega_id_seq'::regclass) NOT NULL,
    empleado_id bigint NOT NULL,
    proveedor_id bigint NOT NULL,
    created_at timestamp without time zone DEFAULT now() NOT NULL,
    updated_at timestamp without time zone DEFAULT now() NOT NULL,
    deleted_at timestamp without time zone
);


ALTER TABLE public.entrada_bodega OWNER TO postgres;

--
-- TOC entry 185 (class 1259 OID 61240)
-- Name: estado_id_seq; Type: SEQUENCE; Schema: public; Owner: postgres
--

CREATE SEQUENCE estado_id_seq
    START WITH 1
    INCREMENT BY 1
    NO MINVALUE
    NO MAXVALUE
    CACHE 1;


ALTER TABLE public.estado_id_seq OWNER TO postgres;

--
-- TOC entry 2448 (class 0 OID 0)
-- Dependencies: 185
-- Name: SEQUENCE estado_id_seq; Type: COMMENT; Schema: public; Owner: postgres
--

COMMENT ON SEQUENCE estado_id_seq IS 'DbWrench Autogenerated Sequence.';


--
-- TOC entry 215 (class 1259 OID 61399)
-- Name: estado; Type: TABLE; Schema: public; Owner: postgres; Tablespace: 
--

CREATE TABLE estado (
    id bigint DEFAULT nextval('estado_id_seq'::regclass) NOT NULL,
    desc_estado character varying(80) NOT NULL,
    created_at timestamp without time zone DEFAULT now() NOT NULL,
    updated_at timestamp without time zone DEFAULT now() NOT NULL,
    deleted_at timestamp without time zone
);


ALTER TABLE public.estado OWNER TO postgres;

--
-- TOC entry 176 (class 1259 OID 61222)
-- Name: genero_id_seq; Type: SEQUENCE; Schema: public; Owner: postgres
--

CREATE SEQUENCE genero_id_seq
    START WITH 1
    INCREMENT BY 1
    NO MINVALUE
    NO MAXVALUE
    CACHE 1;


ALTER TABLE public.genero_id_seq OWNER TO postgres;

--
-- TOC entry 2449 (class 0 OID 0)
-- Dependencies: 176
-- Name: SEQUENCE genero_id_seq; Type: COMMENT; Schema: public; Owner: postgres
--

COMMENT ON SEQUENCE genero_id_seq IS 'DbWrench Autogenerated Sequence.';


--
-- TOC entry 206 (class 1259 OID 61327)
-- Name: genero; Type: TABLE; Schema: public; Owner: postgres; Tablespace: 
--

CREATE TABLE genero (
    id bigint DEFAULT nextval('genero_id_seq'::regclass) NOT NULL,
    descripcion character varying(6) NOT NULL,
    created_at timestamp without time zone DEFAULT now() NOT NULL,
    updated_at timestamp without time zone DEFAULT now() NOT NULL,
    deleted_at timestamp without time zone
);


ALTER TABLE public.genero OWNER TO postgres;

--
-- TOC entry 187 (class 1259 OID 61244)
-- Name: hoja_vida_id_seq; Type: SEQUENCE; Schema: public; Owner: postgres
--

CREATE SEQUENCE hoja_vida_id_seq
    START WITH 1
    INCREMENT BY 1
    NO MINVALUE
    NO MAXVALUE
    CACHE 1;


ALTER TABLE public.hoja_vida_id_seq OWNER TO postgres;

--
-- TOC entry 2450 (class 0 OID 0)
-- Dependencies: 187
-- Name: SEQUENCE hoja_vida_id_seq; Type: COMMENT; Schema: public; Owner: postgres
--

COMMENT ON SEQUENCE hoja_vida_id_seq IS 'DbWrench Autogenerated Sequence.';


--
-- TOC entry 217 (class 1259 OID 61415)
-- Name: hoja_vida; Type: TABLE; Schema: public; Owner: postgres; Tablespace: 
--

CREATE TABLE hoja_vida (
    id bigint DEFAULT nextval('hoja_vida_id_seq'::regclass) NOT NULL,
    genero_id bigint NOT NULL,
    fecha_nacimiento date NOT NULL,
    raza_id bigint NOT NULL,
    lote_id bigint NOT NULL,
    estado_id bigint NOT NULL,
    nombre_cerdo character varying(10) NOT NULL,
    created_at timestamp without time zone DEFAULT now() NOT NULL,
    updated_at timestamp without time zone DEFAULT now() NOT NULL,
    deleted_at timestamp without time zone
);


ALTER TABLE public.hoja_vida OWNER TO postgres;

--
-- TOC entry 180 (class 1259 OID 61230)
-- Name: insumo_id_seq; Type: SEQUENCE; Schema: public; Owner: postgres
--

CREATE SEQUENCE insumo_id_seq
    START WITH 1
    INCREMENT BY 1
    NO MINVALUE
    NO MAXVALUE
    CACHE 1;


ALTER TABLE public.insumo_id_seq OWNER TO postgres;

--
-- TOC entry 2451 (class 0 OID 0)
-- Dependencies: 180
-- Name: SEQUENCE insumo_id_seq; Type: COMMENT; Schema: public; Owner: postgres
--

COMMENT ON SEQUENCE insumo_id_seq IS 'DbWrench Autogenerated Sequence.';


--
-- TOC entry 210 (class 1259 OID 61359)
-- Name: insumo; Type: TABLE; Schema: public; Owner: postgres; Tablespace: 
--

CREATE TABLE insumo (
    id bigint DEFAULT nextval('insumo_id_seq'::regclass) NOT NULL,
    desc_insumo character varying(80) NOT NULL,
    tipo_insumo_id bigint NOT NULL,
    fecha_fabricacion date NOT NULL,
    fecha_vencimiento date NOT NULL,
    proveedor_id bigint NOT NULL,
    created_at timestamp without time zone DEFAULT now() NOT NULL,
    updated_at timestamp without time zone DEFAULT now() NOT NULL,
    deleted_at timestamp without time zone
);


ALTER TABLE public.insumo OWNER TO postgres;

--
-- TOC entry 199 (class 1259 OID 61268)
-- Name: inventario_id_seq; Type: SEQUENCE; Schema: public; Owner: postgres
--

CREATE SEQUENCE inventario_id_seq
    START WITH 1
    INCREMENT BY 1
    NO MINVALUE
    NO MAXVALUE
    CACHE 1;


ALTER TABLE public.inventario_id_seq OWNER TO postgres;

--
-- TOC entry 2452 (class 0 OID 0)
-- Dependencies: 199
-- Name: SEQUENCE inventario_id_seq; Type: COMMENT; Schema: public; Owner: postgres
--

COMMENT ON SEQUENCE inventario_id_seq IS 'DbWrench Autogenerated Sequence.';


--
-- TOC entry 229 (class 1259 OID 61513)
-- Name: inventario; Type: TABLE; Schema: public; Owner: postgres; Tablespace: 
--

CREATE TABLE inventario (
    id bigint DEFAULT nextval('inventario_id_seq'::regclass) NOT NULL,
    tipo_movimiento bigint NOT NULL,
    cantidad bigint NOT NULL,
    valor bigint NOT NULL,
    saldo bigint NOT NULL,
    tipo_doc_id bigint NOT NULL,
    insumo_id bigint NOT NULL,
    created_at timestamp without time zone DEFAULT now() NOT NULL,
    updated_at timestamp without time zone DEFAULT now() NOT NULL,
    deleted_at timestamp without time zone
);


ALTER TABLE public.inventario OWNER TO postgres;

--
-- TOC entry 183 (class 1259 OID 61236)
-- Name: lote_id_seq; Type: SEQUENCE; Schema: public; Owner: postgres
--

CREATE SEQUENCE lote_id_seq
    START WITH 1
    INCREMENT BY 1
    NO MINVALUE
    NO MAXVALUE
    CACHE 1;


ALTER TABLE public.lote_id_seq OWNER TO postgres;

--
-- TOC entry 2453 (class 0 OID 0)
-- Dependencies: 183
-- Name: SEQUENCE lote_id_seq; Type: COMMENT; Schema: public; Owner: postgres
--

COMMENT ON SEQUENCE lote_id_seq IS 'DbWrench Autogenerated Sequence.';


--
-- TOC entry 213 (class 1259 OID 61383)
-- Name: lote; Type: TABLE; Schema: public; Owner: postgres; Tablespace: 
--

CREATE TABLE lote (
    id bigint DEFAULT nextval('lote_id_seq'::regclass) NOT NULL,
    desc_lote character varying(80) NOT NULL,
    ubicacion character varying(80) NOT NULL,
    created_at timestamp without time zone DEFAULT now() NOT NULL,
    updated_at timestamp without time zone DEFAULT now() NOT NULL,
    deleted_at timestamp without time zone
);


ALTER TABLE public.lote OWNER TO postgres;

--
-- TOC entry 193 (class 1259 OID 61256)
-- Name: parto_id_seq; Type: SEQUENCE; Schema: public; Owner: postgres
--

CREATE SEQUENCE parto_id_seq
    START WITH 1
    INCREMENT BY 1
    NO MINVALUE
    NO MAXVALUE
    CACHE 1;


ALTER TABLE public.parto_id_seq OWNER TO postgres;

--
-- TOC entry 2454 (class 0 OID 0)
-- Dependencies: 193
-- Name: SEQUENCE parto_id_seq; Type: COMMENT; Schema: public; Owner: postgres
--

COMMENT ON SEQUENCE parto_id_seq IS 'DbWrench Autogenerated Sequence.';


--
-- TOC entry 223 (class 1259 OID 61463)
-- Name: parto; Type: TABLE; Schema: public; Owner: postgres; Tablespace: 
--

CREATE TABLE parto (
    id bigint DEFAULT nextval('parto_id_seq'::regclass) NOT NULL,
    fecha_nacimiento character varying(10) NOT NULL,
    num_nacidos integer NOT NULL,
    num_vivos integer NOT NULL,
    num_muertos integer NOT NULL,
    num_hembras integer NOT NULL,
    num_machos integer NOT NULL,
    fecha_montada character varying(10) NOT NULL,
    id_padre character varying(12) NOT NULL,
    hoja_vida_id bigint NOT NULL,
    created_at timestamp without time zone DEFAULT now() NOT NULL,
    updated_at timestamp without time zone DEFAULT now() NOT NULL,
    deleted_at timestamp without time zone
);


ALTER TABLE public.parto OWNER TO postgres;

--
-- TOC entry 178 (class 1259 OID 61226)
-- Name: proveedor_id_seq; Type: SEQUENCE; Schema: public; Owner: postgres
--

CREATE SEQUENCE proveedor_id_seq
    START WITH 1
    INCREMENT BY 1
    NO MINVALUE
    NO MAXVALUE
    CACHE 1;


ALTER TABLE public.proveedor_id_seq OWNER TO postgres;

--
-- TOC entry 2455 (class 0 OID 0)
-- Dependencies: 178
-- Name: SEQUENCE proveedor_id_seq; Type: COMMENT; Schema: public; Owner: postgres
--

COMMENT ON SEQUENCE proveedor_id_seq IS 'DbWrench Autogenerated Sequence.';


--
-- TOC entry 208 (class 1259 OID 61343)
-- Name: proveedor; Type: TABLE; Schema: public; Owner: postgres; Tablespace: 
--

CREATE TABLE proveedor (
    id bigint DEFAULT nextval('proveedor_id_seq'::regclass) NOT NULL,
    nombre character varying(80) NOT NULL,
    apellido character varying(80) NOT NULL,
    direccion character varying(100) NOT NULL,
    correo character varying(50) NOT NULL,
    telefono character varying(12) NOT NULL,
    ciudad_id bigint NOT NULL,
    created_at timestamp without time zone DEFAULT now() NOT NULL,
    updated_at timestamp without time zone DEFAULT now() NOT NULL,
    deleted_at timestamp without time zone
);


ALTER TABLE public.proveedor OWNER TO postgres;

--
-- TOC entry 184 (class 1259 OID 61238)
-- Name: raza_id_seq; Type: SEQUENCE; Schema: public; Owner: postgres
--

CREATE SEQUENCE raza_id_seq
    START WITH 1
    INCREMENT BY 1
    NO MINVALUE
    NO MAXVALUE
    CACHE 1;


ALTER TABLE public.raza_id_seq OWNER TO postgres;

--
-- TOC entry 2456 (class 0 OID 0)
-- Dependencies: 184
-- Name: SEQUENCE raza_id_seq; Type: COMMENT; Schema: public; Owner: postgres
--

COMMENT ON SEQUENCE raza_id_seq IS 'DbWrench Autogenerated Sequence.';


--
-- TOC entry 214 (class 1259 OID 61391)
-- Name: raza; Type: TABLE; Schema: public; Owner: postgres; Tablespace: 
--

CREATE TABLE raza (
    id bigint DEFAULT nextval('raza_id_seq'::regclass) NOT NULL,
    desc_raza character varying(80) NOT NULL,
    created_at timestamp without time zone DEFAULT now() NOT NULL,
    updated_at timestamp without time zone DEFAULT now() NOT NULL,
    deleted_at timestamp without time zone
);


ALTER TABLE public.raza OWNER TO postgres;

--
-- TOC entry 172 (class 1259 OID 61214)
-- Name: recordar_me_id_seq; Type: SEQUENCE; Schema: public; Owner: postgres
--

CREATE SEQUENCE recordar_me_id_seq
    START WITH 1
    INCREMENT BY 1
    NO MINVALUE
    NO MAXVALUE
    CACHE 1;


ALTER TABLE public.recordar_me_id_seq OWNER TO postgres;

--
-- TOC entry 2457 (class 0 OID 0)
-- Dependencies: 172
-- Name: SEQUENCE recordar_me_id_seq; Type: COMMENT; Schema: public; Owner: postgres
--

COMMENT ON SEQUENCE recordar_me_id_seq IS 'DbWrench Autogenerated Sequence.';


--
-- TOC entry 202 (class 1259 OID 61290)
-- Name: recordar_me; Type: TABLE; Schema: public; Owner: postgres; Tablespace: 
--

CREATE TABLE recordar_me (
    id bigint DEFAULT nextval('recordar_me_id_seq'::regclass) NOT NULL,
    usuario_id bigint NOT NULL,
    ip_address character varying(50) NOT NULL,
    hash_cookie character varying(32) NOT NULL,
    created_at timestamp without time zone DEFAULT now() NOT NULL
);


ALTER TABLE public.recordar_me OWNER TO postgres;

--
-- TOC entry 198 (class 1259 OID 61266)
-- Name: reporte_id_seq; Type: SEQUENCE; Schema: public; Owner: postgres
--

CREATE SEQUENCE reporte_id_seq
    START WITH 1
    INCREMENT BY 1
    NO MINVALUE
    NO MAXVALUE
    CACHE 1;


ALTER TABLE public.reporte_id_seq OWNER TO postgres;

--
-- TOC entry 2458 (class 0 OID 0)
-- Dependencies: 198
-- Name: SEQUENCE reporte_id_seq; Type: COMMENT; Schema: public; Owner: postgres
--

COMMENT ON SEQUENCE reporte_id_seq IS 'DbWrench Autogenerated Sequence.';


--
-- TOC entry 228 (class 1259 OID 61503)
-- Name: reporte; Type: TABLE; Schema: public; Owner: postgres; Tablespace: 
--

CREATE TABLE reporte (
    id bigint DEFAULT nextval('reporte_id_seq'::regclass) NOT NULL,
    nombre character varying(400) NOT NULL,
    descripcion character varying(400) NOT NULL,
    direccion character varying(400) NOT NULL,
    created_at timestamp without time zone DEFAULT now() NOT NULL
);


ALTER TABLE public.reporte OWNER TO postgres;

--
-- TOC entry 190 (class 1259 OID 61250)
-- Name: sacrificio_venta_id_seq; Type: SEQUENCE; Schema: public; Owner: postgres
--

CREATE SEQUENCE sacrificio_venta_id_seq
    START WITH 1
    INCREMENT BY 1
    NO MINVALUE
    NO MAXVALUE
    CACHE 1;


ALTER TABLE public.sacrificio_venta_id_seq OWNER TO postgres;

--
-- TOC entry 220 (class 1259 OID 61439)
-- Name: sacrificio_venta; Type: TABLE; Schema: public; Owner: postgres; Tablespace: 
--

CREATE TABLE sacrificio_venta (
    id bigint DEFAULT nextval('sacrificio_venta_id_seq'::regclass) NOT NULL,
    valor bigint NOT NULL,
    cantidad bigint NOT NULL,
    unidad_medida_id bigint NOT NULL,
    tipo_venta_id bigint NOT NULL,
    id_cerdo bigint NOT NULL,
    created_at timestamp without time zone DEFAULT now() NOT NULL,
    updated_at timestamp without time zone DEFAULT now() NOT NULL,
    deleted_at timestamp without time zone
);


ALTER TABLE public.sacrificio_venta OWNER TO postgres;

--
-- TOC entry 196 (class 1259 OID 61262)
-- Name: salida_bodega_id_seq; Type: SEQUENCE; Schema: public; Owner: postgres
--

CREATE SEQUENCE salida_bodega_id_seq
    START WITH 1
    INCREMENT BY 1
    NO MINVALUE
    NO MAXVALUE
    CACHE 1;


ALTER TABLE public.salida_bodega_id_seq OWNER TO postgres;

--
-- TOC entry 2459 (class 0 OID 0)
-- Dependencies: 196
-- Name: SEQUENCE salida_bodega_id_seq; Type: COMMENT; Schema: public; Owner: postgres
--

COMMENT ON SEQUENCE salida_bodega_id_seq IS 'DbWrench Autogenerated Sequence.';


--
-- TOC entry 226 (class 1259 OID 61487)
-- Name: salida_bodega; Type: TABLE; Schema: public; Owner: postgres; Tablespace: 
--

CREATE TABLE salida_bodega (
    id bigint DEFAULT nextval('salida_bodega_id_seq'::regclass) NOT NULL,
    empleado_id bigint NOT NULL,
    created_at timestamp without time zone DEFAULT now() NOT NULL,
    updated_at timestamp without time zone DEFAULT now() NOT NULL,
    deleted_at timestamp without time zone
);


ALTER TABLE public.salida_bodega OWNER TO postgres;

--
-- TOC entry 191 (class 1259 OID 61252)
-- Name: tipo_doc_id_seq; Type: SEQUENCE; Schema: public; Owner: postgres
--

CREATE SEQUENCE tipo_doc_id_seq
    START WITH 1
    INCREMENT BY 1
    NO MINVALUE
    NO MAXVALUE
    CACHE 1;


ALTER TABLE public.tipo_doc_id_seq OWNER TO postgres;

--
-- TOC entry 2460 (class 0 OID 0)
-- Dependencies: 191
-- Name: SEQUENCE tipo_doc_id_seq; Type: COMMENT; Schema: public; Owner: postgres
--

COMMENT ON SEQUENCE tipo_doc_id_seq IS 'DbWrench Autogenerated Sequence.';


--
-- TOC entry 221 (class 1259 OID 61447)
-- Name: tipo_doc; Type: TABLE; Schema: public; Owner: postgres; Tablespace: 
--

CREATE TABLE tipo_doc (
    id bigint DEFAULT nextval('tipo_doc_id_seq'::regclass) NOT NULL,
    desc_tipo_doc character varying(20) NOT NULL,
    created_at timestamp without time zone DEFAULT now() NOT NULL,
    updated_at timestamp without time zone DEFAULT now() NOT NULL,
    deleted_at timestamp without time zone
);


ALTER TABLE public.tipo_doc OWNER TO postgres;

--
-- TOC entry 181 (class 1259 OID 61232)
-- Name: tipo_id_id_seq; Type: SEQUENCE; Schema: public; Owner: postgres
--

CREATE SEQUENCE tipo_id_id_seq
    START WITH 1
    INCREMENT BY 1
    NO MINVALUE
    NO MAXVALUE
    CACHE 1;


ALTER TABLE public.tipo_id_id_seq OWNER TO postgres;

--
-- TOC entry 2461 (class 0 OID 0)
-- Dependencies: 181
-- Name: SEQUENCE tipo_id_id_seq; Type: COMMENT; Schema: public; Owner: postgres
--

COMMENT ON SEQUENCE tipo_id_id_seq IS 'DbWrench Autogenerated Sequence.';


--
-- TOC entry 211 (class 1259 OID 61367)
-- Name: tipo_id; Type: TABLE; Schema: public; Owner: postgres; Tablespace: 
--

CREATE TABLE tipo_id (
    id bigint DEFAULT nextval('tipo_id_id_seq'::regclass) NOT NULL,
    desc_tipo_id character varying(60) NOT NULL,
    created_at timestamp without time zone DEFAULT now() NOT NULL,
    updated_at timestamp without time zone DEFAULT now() NOT NULL,
    deleted_at timestamp without time zone
);


ALTER TABLE public.tipo_id OWNER TO postgres;

--
-- TOC entry 179 (class 1259 OID 61228)
-- Name: tipo_insumo_id_seq; Type: SEQUENCE; Schema: public; Owner: postgres
--

CREATE SEQUENCE tipo_insumo_id_seq
    START WITH 1
    INCREMENT BY 1
    NO MINVALUE
    NO MAXVALUE
    CACHE 1;


ALTER TABLE public.tipo_insumo_id_seq OWNER TO postgres;

--
-- TOC entry 2462 (class 0 OID 0)
-- Dependencies: 179
-- Name: SEQUENCE tipo_insumo_id_seq; Type: COMMENT; Schema: public; Owner: postgres
--

COMMENT ON SEQUENCE tipo_insumo_id_seq IS 'DbWrench Autogenerated Sequence.';


--
-- TOC entry 209 (class 1259 OID 61351)
-- Name: tipo_insumo; Type: TABLE; Schema: public; Owner: postgres; Tablespace: 
--

CREATE TABLE tipo_insumo (
    id bigint DEFAULT nextval('tipo_insumo_id_seq'::regclass) NOT NULL,
    desc_tipoin character varying(80) NOT NULL,
    created_at timestamp without time zone DEFAULT now() NOT NULL,
    updated_at timestamp without time zone DEFAULT now() NOT NULL,
    deleted_at timestamp without time zone
);


ALTER TABLE public.tipo_insumo OWNER TO postgres;

--
-- TOC entry 188 (class 1259 OID 61246)
-- Name: tipo_venta_id_seq; Type: SEQUENCE; Schema: public; Owner: postgres
--

CREATE SEQUENCE tipo_venta_id_seq
    START WITH 1
    INCREMENT BY 1
    NO MINVALUE
    NO MAXVALUE
    CACHE 1;


ALTER TABLE public.tipo_venta_id_seq OWNER TO postgres;

--
-- TOC entry 218 (class 1259 OID 61423)
-- Name: tipo_venta; Type: TABLE; Schema: public; Owner: postgres; Tablespace: 
--

CREATE TABLE tipo_venta (
    id bigint DEFAULT nextval('tipo_venta_id_seq'::regclass) NOT NULL,
    desc_tipov character varying(80) NOT NULL,
    created_at timestamp without time zone DEFAULT now() NOT NULL,
    updated_at timestamp without time zone DEFAULT now() NOT NULL,
    deleted_at timestamp without time zone
);


ALTER TABLE public.tipo_venta OWNER TO postgres;

--
-- TOC entry 189 (class 1259 OID 61248)
-- Name: unidad_medida_id_seq; Type: SEQUENCE; Schema: public; Owner: postgres
--

CREATE SEQUENCE unidad_medida_id_seq
    START WITH 1
    INCREMENT BY 1
    NO MINVALUE
    NO MAXVALUE
    CACHE 1;


ALTER TABLE public.unidad_medida_id_seq OWNER TO postgres;

--
-- TOC entry 2463 (class 0 OID 0)
-- Dependencies: 189
-- Name: SEQUENCE unidad_medida_id_seq; Type: COMMENT; Schema: public; Owner: postgres
--

COMMENT ON SEQUENCE unidad_medida_id_seq IS 'DbWrench Autogenerated Sequence.';


--
-- TOC entry 219 (class 1259 OID 61431)
-- Name: unidad_medida; Type: TABLE; Schema: public; Owner: postgres; Tablespace: 
--

CREATE TABLE unidad_medida (
    id bigint DEFAULT nextval('unidad_medida_id_seq'::regclass) NOT NULL,
    descripcion character varying(50) NOT NULL,
    created_at timestamp without time zone DEFAULT now() NOT NULL,
    updated_at timestamp without time zone DEFAULT now() NOT NULL,
    deleted_at timestamp without time zone
);


ALTER TABLE public.unidad_medida OWNER TO postgres;

--
-- TOC entry 173 (class 1259 OID 61216)
-- Name: usuario_id_seq; Type: SEQUENCE; Schema: public; Owner: postgres
--

CREATE SEQUENCE usuario_id_seq
    START WITH 1
    INCREMENT BY 1
    NO MINVALUE
    NO MAXVALUE
    CACHE 1;


ALTER TABLE public.usuario_id_seq OWNER TO postgres;

--
-- TOC entry 2464 (class 0 OID 0)
-- Dependencies: 173
-- Name: SEQUENCE usuario_id_seq; Type: COMMENT; Schema: public; Owner: postgres
--

COMMENT ON SEQUENCE usuario_id_seq IS 'DbWrench Autogenerated Sequence.';


--
-- TOC entry 203 (class 1259 OID 61299)
-- Name: usuario; Type: TABLE; Schema: public; Owner: postgres; Tablespace: 
--

CREATE TABLE usuario (
    id bigint DEFAULT nextval('usuario_id_seq'::regclass) NOT NULL,
    user_name character varying(80) NOT NULL,
    password character varying(32) NOT NULL,
    actived boolean DEFAULT true NOT NULL,
    last_login_at timestamp without time zone,
    created_at timestamp without time zone DEFAULT now() NOT NULL,
    updated_at timestamp without time zone DEFAULT now() NOT NULL,
    deleted_at timestamp without time zone
);


ALTER TABLE public.usuario OWNER TO postgres;

--
-- TOC entry 2465 (class 0 OID 0)
-- Dependencies: 203
-- Name: COLUMN usuario.actived; Type: COMMENT; Schema: public; Owner: postgres
--

COMMENT ON COLUMN usuario.actived IS 'TRUE = activado | FALSE = desactivado';


--
-- TOC entry 174 (class 1259 OID 61218)
-- Name: usuario_credencial_id_seq; Type: SEQUENCE; Schema: public; Owner: postgres
--

CREATE SEQUENCE usuario_credencial_id_seq
    START WITH 1
    INCREMENT BY 1
    NO MINVALUE
    NO MAXVALUE
    CACHE 1;


ALTER TABLE public.usuario_credencial_id_seq OWNER TO postgres;

--
-- TOC entry 2466 (class 0 OID 0)
-- Dependencies: 174
-- Name: SEQUENCE usuario_credencial_id_seq; Type: COMMENT; Schema: public; Owner: postgres
--

COMMENT ON SEQUENCE usuario_credencial_id_seq IS 'DbWrench Autogenerated Sequence.';


--
-- TOC entry 204 (class 1259 OID 61312)
-- Name: usuario_credencial; Type: TABLE; Schema: public; Owner: postgres; Tablespace: 
--

CREATE TABLE usuario_credencial (
    id bigint DEFAULT nextval('usuario_credencial_id_seq'::regclass) NOT NULL,
    usuario_id bigint NOT NULL,
    credencial_id bigint NOT NULL,
    created_at timestamp without time zone DEFAULT now() NOT NULL
);


ALTER TABLE public.usuario_credencial OWNER TO postgres;

--
-- TOC entry 192 (class 1259 OID 61254)
-- Name: vacunacion_id_seq; Type: SEQUENCE; Schema: public; Owner: postgres
--

CREATE SEQUENCE vacunacion_id_seq
    START WITH 1
    INCREMENT BY 1
    NO MINVALUE
    NO MAXVALUE
    CACHE 1;


ALTER TABLE public.vacunacion_id_seq OWNER TO postgres;

--
-- TOC entry 2467 (class 0 OID 0)
-- Dependencies: 192
-- Name: SEQUENCE vacunacion_id_seq; Type: COMMENT; Schema: public; Owner: postgres
--

COMMENT ON SEQUENCE vacunacion_id_seq IS 'DbWrench Autogenerated Sequence.';


--
-- TOC entry 222 (class 1259 OID 61455)
-- Name: vacunacion; Type: TABLE; Schema: public; Owner: postgres; Tablespace: 
--

CREATE TABLE vacunacion (
    id bigint DEFAULT nextval('vacunacion_id_seq'::regclass) NOT NULL,
    dosis character varying(6) NOT NULL,
    insumo_id bigint NOT NULL,
    id_cerdo bigint NOT NULL,
    created_at timestamp without time zone DEFAULT now() NOT NULL,
    updated_at timestamp without time zone DEFAULT now() NOT NULL,
    deleted_at timestamp without time zone
);


ALTER TABLE public.vacunacion OWNER TO postgres;

--
-- TOC entry 2403 (class 0 OID 61270)
-- Dependencies: 200
-- Data for Name: bitacora; Type: TABLE DATA; Schema: public; Owner: postgres
--

INSERT INTO bitacora (id, usuario_id, accion, tabla, registro, observacion, fecha) VALUES (1, 1, 'insertar', 'proveedor', NULL, NULL, '2015-08-13 15:58:33');
INSERT INTO bitacora (id, usuario_id, accion, tabla, registro, observacion, fecha) VALUES (2, 1, 'insertar', 'proveedor', NULL, NULL, '2015-08-13 15:59:05');
INSERT INTO bitacora (id, usuario_id, accion, tabla, registro, observacion, fecha) VALUES (3, 1, 'insertar', 'tipo_insumo', NULL, NULL, '2015-08-13 15:59:13');
INSERT INTO bitacora (id, usuario_id, accion, tabla, registro, observacion, fecha) VALUES (4, 1, 'insertar', 'tipo_insumo', NULL, NULL, '2015-08-13 15:59:19');
INSERT INTO bitacora (id, usuario_id, accion, tabla, registro, observacion, fecha) VALUES (5, 1, 'insertar', 'insumo', NULL, NULL, '2015-08-13 15:59:41');
INSERT INTO bitacora (id, usuario_id, accion, tabla, registro, observacion, fecha) VALUES (6, 1, 'insertar', 'insumo', NULL, NULL, '2015-08-13 16:00:00');
INSERT INTO bitacora (id, usuario_id, accion, tabla, registro, observacion, fecha) VALUES (7, 1, 'insertar', 'hoja_vida', NULL, NULL, '2015-08-13 16:03:19');
INSERT INTO bitacora (id, usuario_id, accion, tabla, registro, observacion, fecha) VALUES (8, 1, 'insertar', 'tipo_venta', NULL, NULL, '2015-08-13 16:04:06');
INSERT INTO bitacora (id, usuario_id, accion, tabla, registro, observacion, fecha) VALUES (9, 1, 'insertar', 'tipo_venta', NULL, NULL, '2015-08-13 16:04:10');
INSERT INTO bitacora (id, usuario_id, accion, tabla, registro, observacion, fecha) VALUES (10, 1, 'insertar', 'vacunacion', NULL, NULL, '2015-08-13 16:05:33');
INSERT INTO bitacora (id, usuario_id, accion, tabla, registro, observacion, fecha) VALUES (11, 1, 'insertar', 'control_peso', NULL, NULL, '2015-08-13 16:10:30');
INSERT INTO bitacora (id, usuario_id, accion, tabla, registro, observacion, fecha) VALUES (12, 1, 'insertar', 'insumo', NULL, NULL, '2015-08-13 16:22:53');
INSERT INTO bitacora (id, usuario_id, accion, tabla, registro, observacion, fecha) VALUES (13, 1, 'insertar', 'insumo', NULL, NULL, '2015-08-13 16:23:39');
INSERT INTO bitacora (id, usuario_id, accion, tabla, registro, observacion, fecha) VALUES (14, 1, 'insertar', 'vacunacion', NULL, NULL, '2015-08-13 16:24:54');
INSERT INTO bitacora (id, usuario_id, accion, tabla, registro, observacion, fecha) VALUES (15, 1, 'insertar', 'vacunacion', NULL, NULL, '2015-08-13 16:25:10');
INSERT INTO bitacora (id, usuario_id, accion, tabla, registro, observacion, fecha) VALUES (16, 1, 'identificación', 'NINGUNA', NULL, NULL, '2015-08-13 16:26:09');
INSERT INTO bitacora (id, usuario_id, accion, tabla, registro, observacion, fecha) VALUES (17, 1, 'insertar', 'vacunacion', NULL, NULL, '2015-08-13 16:27:51');
INSERT INTO bitacora (id, usuario_id, accion, tabla, registro, observacion, fecha) VALUES (18, 1, 'identificación', 'NINGUNA', NULL, NULL, '2015-08-13 16:28:25');
INSERT INTO bitacora (id, usuario_id, accion, tabla, registro, observacion, fecha) VALUES (19, 1, 'insertar', 'hoja_vida', NULL, NULL, '2015-08-13 16:30:50');
INSERT INTO bitacora (id, usuario_id, accion, tabla, registro, observacion, fecha) VALUES (20, 1, 'insertar', 'hoja_vida', NULL, NULL, '2015-08-13 16:44:37');
INSERT INTO bitacora (id, usuario_id, accion, tabla, registro, observacion, fecha) VALUES (21, 1, 'identificación', 'NINGUNA', NULL, NULL, '2015-08-13 17:17:45');
INSERT INTO bitacora (id, usuario_id, accion, tabla, registro, observacion, fecha) VALUES (22, 1, 'insertar', 'usuario', NULL, NULL, '2015-08-13 17:45:06');
INSERT INTO bitacora (id, usuario_id, accion, tabla, registro, observacion, fecha) VALUES (23, 1, 'identificación', 'NINGUNA', NULL, NULL, '2015-08-13 18:02:02');
INSERT INTO bitacora (id, usuario_id, accion, tabla, registro, observacion, fecha) VALUES (24, 1, 'identificación', 'NINGUNA', NULL, NULL, '2015-08-13 18:15:27');
INSERT INTO bitacora (id, usuario_id, accion, tabla, registro, observacion, fecha) VALUES (25, 1, 'editar', 'insumo', NULL, NULL, '2015-08-13 18:33:21');
INSERT INTO bitacora (id, usuario_id, accion, tabla, registro, observacion, fecha) VALUES (26, 1, 'identificación', 'NINGUNA', NULL, NULL, '2015-08-14 08:50:52');
INSERT INTO bitacora (id, usuario_id, accion, tabla, registro, observacion, fecha) VALUES (27, 1, 'identificación', 'NINGUNA', NULL, NULL, '2015-08-14 09:28:35');
INSERT INTO bitacora (id, usuario_id, accion, tabla, registro, observacion, fecha) VALUES (28, 1, 'identificación', 'NINGUNA', NULL, NULL, '2015-08-14 10:09:53');
INSERT INTO bitacora (id, usuario_id, accion, tabla, registro, observacion, fecha) VALUES (29, 1, 'identificación', 'NINGUNA', NULL, NULL, '2015-08-14 14:53:57');
INSERT INTO bitacora (id, usuario_id, accion, tabla, registro, observacion, fecha) VALUES (30, 1, 'identificación', 'NINGUNA', NULL, NULL, '2015-08-14 15:17:23');
INSERT INTO bitacora (id, usuario_id, accion, tabla, registro, observacion, fecha) VALUES (31, 1, 'salida del sistema', 'NINGUNA', NULL, NULL, '2015-08-14 15:18:15');
INSERT INTO bitacora (id, usuario_id, accion, tabla, registro, observacion, fecha) VALUES (32, 1, 'identificación', 'NINGUNA', NULL, NULL, '2015-08-14 15:18:19');
INSERT INTO bitacora (id, usuario_id, accion, tabla, registro, observacion, fecha) VALUES (33, 1, 'identificación', 'NINGUNA', NULL, NULL, '2015-08-14 16:04:45');
INSERT INTO bitacora (id, usuario_id, accion, tabla, registro, observacion, fecha) VALUES (34, 1, 'identificación', 'NINGUNA', NULL, NULL, '2015-08-15 10:06:14');
INSERT INTO bitacora (id, usuario_id, accion, tabla, registro, observacion, fecha) VALUES (35, 1, 'identificación', 'NINGUNA', NULL, NULL, '2015-08-15 10:09:06');
INSERT INTO bitacora (id, usuario_id, accion, tabla, registro, observacion, fecha) VALUES (36, 1, 'identificación', 'NINGUNA', NULL, NULL, '2015-08-15 10:38:29');
INSERT INTO bitacora (id, usuario_id, accion, tabla, registro, observacion, fecha) VALUES (37, 1, 'identificación', 'NINGUNA', NULL, NULL, '2015-08-15 11:29:46');
INSERT INTO bitacora (id, usuario_id, accion, tabla, registro, observacion, fecha) VALUES (38, 1, 'identificación', 'NINGUNA', NULL, NULL, '2015-08-15 11:32:29');
INSERT INTO bitacora (id, usuario_id, accion, tabla, registro, observacion, fecha) VALUES (39, 1, 'editar', 'insumo', NULL, NULL, '2015-08-15 11:32:38');
INSERT INTO bitacora (id, usuario_id, accion, tabla, registro, observacion, fecha) VALUES (40, 1, 'identificación', 'NINGUNA', NULL, NULL, '2015-08-15 15:43:34');
INSERT INTO bitacora (id, usuario_id, accion, tabla, registro, observacion, fecha) VALUES (41, 1, 'identificación', 'NINGUNA', NULL, NULL, '2015-08-15 16:12:20');
INSERT INTO bitacora (id, usuario_id, accion, tabla, registro, observacion, fecha) VALUES (42, 1, 'identificación', 'NINGUNA', NULL, NULL, '2015-08-15 17:00:59');
INSERT INTO bitacora (id, usuario_id, accion, tabla, registro, observacion, fecha) VALUES (43, 1, 'identificación', 'NINGUNA', NULL, NULL, '2015-08-15 17:06:16');
INSERT INTO bitacora (id, usuario_id, accion, tabla, registro, observacion, fecha) VALUES (44, 1, 'identificación', 'NINGUNA', NULL, NULL, '2015-08-15 17:22:37');
INSERT INTO bitacora (id, usuario_id, accion, tabla, registro, observacion, fecha) VALUES (45, 1, 'identificación', 'NINGUNA', NULL, NULL, '2015-08-15 18:04:37');
INSERT INTO bitacora (id, usuario_id, accion, tabla, registro, observacion, fecha) VALUES (46, 1, 'identificación', 'NINGUNA', NULL, NULL, '2015-08-16 15:20:08');
INSERT INTO bitacora (id, usuario_id, accion, tabla, registro, observacion, fecha) VALUES (47, 1, 'identificación', 'NINGUNA', NULL, NULL, '2015-08-16 16:17:31');
INSERT INTO bitacora (id, usuario_id, accion, tabla, registro, observacion, fecha) VALUES (48, 1, 'identificacion', 'NINGUNA', NULL, NULL, '2015-08-17 14:56:27');
INSERT INTO bitacora (id, usuario_id, accion, tabla, registro, observacion, fecha) VALUES (49, 1, 'identificación', 'NINGUNA', NULL, NULL, '2015-08-17 14:57:18');
INSERT INTO bitacora (id, usuario_id, accion, tabla, registro, observacion, fecha) VALUES (50, 1, 'editar', 'insumo', NULL, NULL, '2015-08-17 15:25:39');
INSERT INTO bitacora (id, usuario_id, accion, tabla, registro, observacion, fecha) VALUES (51, 1, 'identificacion', 'NINGUNA', NULL, NULL, '2015-08-17 16:59:24');
INSERT INTO bitacora (id, usuario_id, accion, tabla, registro, observacion, fecha) VALUES (52, 1, 'identificación', 'NINGUNA', NULL, NULL, '2015-08-18 15:44:26');
INSERT INTO bitacora (id, usuario_id, accion, tabla, registro, observacion, fecha) VALUES (53, 1, 'identificación', 'NINGUNA', NULL, NULL, '2015-08-18 16:46:41');
INSERT INTO bitacora (id, usuario_id, accion, tabla, registro, observacion, fecha) VALUES (54, 1, 'editar', 'sacrificio_venta', NULL, NULL, '2015-08-18 16:58:39');
INSERT INTO bitacora (id, usuario_id, accion, tabla, registro, observacion, fecha) VALUES (55, 1, 'editar', 'sacrificio_venta', NULL, NULL, '2015-08-18 17:29:37');
INSERT INTO bitacora (id, usuario_id, accion, tabla, registro, observacion, fecha) VALUES (56, 1, 'identificación', 'NINGUNA', NULL, NULL, '2015-08-18 22:05:58');
INSERT INTO bitacora (id, usuario_id, accion, tabla, registro, observacion, fecha) VALUES (57, 1, 'identificación', 'NINGUNA', NULL, NULL, '2015-08-18 22:18:06');
INSERT INTO bitacora (id, usuario_id, accion, tabla, registro, observacion, fecha) VALUES (58, 1, 'insertar', 'hoja_vida', NULL, NULL, '2015-08-18 22:18:41');
INSERT INTO bitacora (id, usuario_id, accion, tabla, registro, observacion, fecha) VALUES (59, 1, 'insertar', 'control_peso', NULL, NULL, '2015-08-18 22:25:35');
INSERT INTO bitacora (id, usuario_id, accion, tabla, registro, observacion, fecha) VALUES (60, 1, 'identificación', 'NINGUNA', NULL, NULL, '2015-08-18 22:30:36');
INSERT INTO bitacora (id, usuario_id, accion, tabla, registro, observacion, fecha) VALUES (61, 1, 'editar', 'control_peso', NULL, NULL, '2015-08-18 22:37:12');
INSERT INTO bitacora (id, usuario_id, accion, tabla, registro, observacion, fecha) VALUES (62, 1, 'editar', 'control_peso', NULL, NULL, '2015-08-18 22:37:18');
INSERT INTO bitacora (id, usuario_id, accion, tabla, registro, observacion, fecha) VALUES (63, 1, 'identificación', 'NINGUNA', NULL, NULL, '2015-08-19 14:11:59');
INSERT INTO bitacora (id, usuario_id, accion, tabla, registro, observacion, fecha) VALUES (64, 1, 'identificación', 'NINGUNA', NULL, NULL, '2015-08-19 14:50:18');
INSERT INTO bitacora (id, usuario_id, accion, tabla, registro, observacion, fecha) VALUES (65, 1, 'identificación', 'NINGUNA', NULL, NULL, '2015-08-19 20:03:05');
INSERT INTO bitacora (id, usuario_id, accion, tabla, registro, observacion, fecha) VALUES (66, 1, 'identificación', 'NINGUNA', NULL, NULL, '2015-08-19 20:08:34');
INSERT INTO bitacora (id, usuario_id, accion, tabla, registro, observacion, fecha) VALUES (67, 1, 'identificación', 'NINGUNA', NULL, NULL, '2015-08-19 20:11:49');
INSERT INTO bitacora (id, usuario_id, accion, tabla, registro, observacion, fecha) VALUES (68, 1, 'identificación', 'NINGUNA', NULL, NULL, '2015-08-19 20:15:06');
INSERT INTO bitacora (id, usuario_id, accion, tabla, registro, observacion, fecha) VALUES (69, 1, 'editar', 'control_peso', NULL, NULL, '2015-08-19 20:19:05');
INSERT INTO bitacora (id, usuario_id, accion, tabla, registro, observacion, fecha) VALUES (70, 1, 'identificación', 'NINGUNA', NULL, NULL, '2015-08-20 14:34:59');
INSERT INTO bitacora (id, usuario_id, accion, tabla, registro, observacion, fecha) VALUES (71, 1, 'identificación', 'NINGUNA', NULL, NULL, '2015-08-20 15:00:28');
INSERT INTO bitacora (id, usuario_id, accion, tabla, registro, observacion, fecha) VALUES (72, 1, 'identificación', 'NINGUNA', NULL, NULL, '2015-08-20 15:11:50');
INSERT INTO bitacora (id, usuario_id, accion, tabla, registro, observacion, fecha) VALUES (73, 1, 'identificación', 'NINGUNA', NULL, NULL, '2015-08-20 15:38:08');
INSERT INTO bitacora (id, usuario_id, accion, tabla, registro, observacion, fecha) VALUES (74, 1, 'identificación', 'NINGUNA', NULL, NULL, '2015-08-20 16:04:55');
INSERT INTO bitacora (id, usuario_id, accion, tabla, registro, observacion, fecha) VALUES (75, 1, 'identificación', 'NINGUNA', NULL, NULL, '2015-08-20 16:11:22');
INSERT INTO bitacora (id, usuario_id, accion, tabla, registro, observacion, fecha) VALUES (76, 1, 'identificación', 'NINGUNA', NULL, NULL, '2015-08-20 19:28:44');
INSERT INTO bitacora (id, usuario_id, accion, tabla, registro, observacion, fecha) VALUES (77, 1, 'identificación', 'NINGUNA', NULL, NULL, '2015-08-20 19:29:48');
INSERT INTO bitacora (id, usuario_id, accion, tabla, registro, observacion, fecha) VALUES (78, 1, 'identificación', 'NINGUNA', NULL, NULL, '2015-08-21 09:09:29');
INSERT INTO bitacora (id, usuario_id, accion, tabla, registro, observacion, fecha) VALUES (79, 1, 'eliminar', 'usuario', NULL, NULL, '2015-08-21 09:09:41');
INSERT INTO bitacora (id, usuario_id, accion, tabla, registro, observacion, fecha) VALUES (80, 1, 'insertar', 'usuario', NULL, NULL, '2015-08-21 09:10:14');
INSERT INTO bitacora (id, usuario_id, accion, tabla, registro, observacion, fecha) VALUES (81, 1, 'editar', 'usuario', NULL, NULL, '2015-08-21 09:10:28');
INSERT INTO bitacora (id, usuario_id, accion, tabla, registro, observacion, fecha) VALUES (82, 1, 'insertar', 'credencial', NULL, NULL, '2015-08-21 09:12:34');
INSERT INTO bitacora (id, usuario_id, accion, tabla, registro, observacion, fecha) VALUES (83, 1, 'editar', 'credencial', NULL, NULL, '2015-08-21 09:12:46');
INSERT INTO bitacora (id, usuario_id, accion, tabla, registro, observacion, fecha) VALUES (84, 1, 'editar', 'credencial', NULL, NULL, '2015-08-21 09:12:52');
INSERT INTO bitacora (id, usuario_id, accion, tabla, registro, observacion, fecha) VALUES (85, 1, 'insertar', 'usuario_credencial', NULL, NULL, '2015-08-21 09:15:37');
INSERT INTO bitacora (id, usuario_id, accion, tabla, registro, observacion, fecha) VALUES (86, 1, 'insertar', 'proveedor', NULL, NULL, '2015-08-21 09:18:14');
INSERT INTO bitacora (id, usuario_id, accion, tabla, registro, observacion, fecha) VALUES (87, 1, 'insertar', 'tipo_insumo', NULL, NULL, '2015-08-21 09:23:39');
INSERT INTO bitacora (id, usuario_id, accion, tabla, registro, observacion, fecha) VALUES (88, 1, 'identificación', 'NINGUNA', NULL, NULL, '2015-08-21 09:27:12');
INSERT INTO bitacora (id, usuario_id, accion, tabla, registro, observacion, fecha) VALUES (89, 1, 'insertar', 'insumo', NULL, NULL, '2015-08-21 09:29:02');
INSERT INTO bitacora (id, usuario_id, accion, tabla, registro, observacion, fecha) VALUES (90, 1, 'editar', 'insumo', NULL, NULL, '2015-08-21 09:29:06');
INSERT INTO bitacora (id, usuario_id, accion, tabla, registro, observacion, fecha) VALUES (91, 1, 'eliminar', 'insumo', NULL, NULL, '2015-08-21 09:29:30');
INSERT INTO bitacora (id, usuario_id, accion, tabla, registro, observacion, fecha) VALUES (92, 1, 'insertar', 'hoja_vida', NULL, NULL, '2015-08-21 09:31:33');
INSERT INTO bitacora (id, usuario_id, accion, tabla, registro, observacion, fecha) VALUES (93, 1, 'insertar', 'tipo_venta', NULL, NULL, '2015-08-21 09:34:20');
INSERT INTO bitacora (id, usuario_id, accion, tabla, registro, observacion, fecha) VALUES (94, 1, 'editar', 'tipo_venta', NULL, NULL, '2015-08-21 09:34:22');
INSERT INTO bitacora (id, usuario_id, accion, tabla, registro, observacion, fecha) VALUES (95, 1, 'eliminar', 'tipo_venta', NULL, NULL, '2015-08-21 09:35:35');
INSERT INTO bitacora (id, usuario_id, accion, tabla, registro, observacion, fecha) VALUES (96, 1, 'editar', 'sacrificio_venta', NULL, NULL, '2015-08-21 09:38:17');
INSERT INTO bitacora (id, usuario_id, accion, tabla, registro, observacion, fecha) VALUES (97, 1, 'identificación', 'NINGUNA', NULL, NULL, '2015-08-21 09:44:35');
INSERT INTO bitacora (id, usuario_id, accion, tabla, registro, observacion, fecha) VALUES (98, 1, 'eliminar', 'vacunacion', NULL, NULL, '2015-08-21 09:45:37');
INSERT INTO bitacora (id, usuario_id, accion, tabla, registro, observacion, fecha) VALUES (99, 1, 'insertar', 'vacunacion', NULL, NULL, '2015-08-21 09:45:53');
INSERT INTO bitacora (id, usuario_id, accion, tabla, registro, observacion, fecha) VALUES (100, 1, 'identificación', 'NINGUNA', NULL, NULL, '2015-08-21 09:48:39');
INSERT INTO bitacora (id, usuario_id, accion, tabla, registro, observacion, fecha) VALUES (101, 1, 'identificación', 'NINGUNA', NULL, NULL, '2015-08-21 09:50:21');
INSERT INTO bitacora (id, usuario_id, accion, tabla, registro, observacion, fecha) VALUES (102, 1, 'eliminar', 'vacunacion', NULL, NULL, '2015-08-21 09:53:04');
INSERT INTO bitacora (id, usuario_id, accion, tabla, registro, observacion, fecha) VALUES (103, 1, 'insertar', 'vacunacion', NULL, NULL, '2015-08-21 10:00:00');
INSERT INTO bitacora (id, usuario_id, accion, tabla, registro, observacion, fecha) VALUES (104, 1, 'editar', 'insumo', NULL, NULL, '2015-08-21 10:01:58');
INSERT INTO bitacora (id, usuario_id, accion, tabla, registro, observacion, fecha) VALUES (105, 1, 'insertar', 'control_peso', NULL, NULL, '2015-08-21 10:09:31');
INSERT INTO bitacora (id, usuario_id, accion, tabla, registro, observacion, fecha) VALUES (106, 1, 'editar', 'control_peso', NULL, NULL, '2015-08-21 10:09:39');
INSERT INTO bitacora (id, usuario_id, accion, tabla, registro, observacion, fecha) VALUES (107, 1, 'identificación', 'NINGUNA', NULL, NULL, '2015-08-21 10:18:48');
INSERT INTO bitacora (id, usuario_id, accion, tabla, registro, observacion, fecha) VALUES (108, 1, 'identificación', 'NINGUNA', NULL, NULL, '2015-08-21 10:23:17');
INSERT INTO bitacora (id, usuario_id, accion, tabla, registro, observacion, fecha) VALUES (109, 1, 'identificación', 'NINGUNA', NULL, NULL, '2015-08-21 10:26:55');
INSERT INTO bitacora (id, usuario_id, accion, tabla, registro, observacion, fecha) VALUES (110, 1, 'editar', 'insumo', NULL, NULL, '2015-08-21 10:28:09');
INSERT INTO bitacora (id, usuario_id, accion, tabla, registro, observacion, fecha) VALUES (111, 1, 'editar', 'insumo', NULL, NULL, '2015-08-21 10:33:02');
INSERT INTO bitacora (id, usuario_id, accion, tabla, registro, observacion, fecha) VALUES (112, 1, 'editar', 'insumo', NULL, NULL, '2015-08-21 10:33:04');
INSERT INTO bitacora (id, usuario_id, accion, tabla, registro, observacion, fecha) VALUES (113, 1, 'editar', 'insumo', NULL, NULL, '2015-08-21 10:33:07');
INSERT INTO bitacora (id, usuario_id, accion, tabla, registro, observacion, fecha) VALUES (114, 1, 'editar', 'insumo', NULL, NULL, '2015-08-21 10:33:51');
INSERT INTO bitacora (id, usuario_id, accion, tabla, registro, observacion, fecha) VALUES (115, 1, 'editar', 'insumo', NULL, NULL, '2015-08-21 10:33:58');
INSERT INTO bitacora (id, usuario_id, accion, tabla, registro, observacion, fecha) VALUES (116, 1, 'editar', 'insumo', NULL, NULL, '2015-08-21 10:34:04');
INSERT INTO bitacora (id, usuario_id, accion, tabla, registro, observacion, fecha) VALUES (117, 1, 'editar', 'insumo', NULL, NULL, '2015-08-21 10:34:08');
INSERT INTO bitacora (id, usuario_id, accion, tabla, registro, observacion, fecha) VALUES (118, 1, 'editar', 'insumo', NULL, NULL, '2015-08-21 10:35:04');
INSERT INTO bitacora (id, usuario_id, accion, tabla, registro, observacion, fecha) VALUES (119, 1, 'editar', 'insumo', NULL, NULL, '2015-08-21 10:35:09');
INSERT INTO bitacora (id, usuario_id, accion, tabla, registro, observacion, fecha) VALUES (120, 1, 'editar', 'insumo', NULL, NULL, '2015-08-21 10:35:14');
INSERT INTO bitacora (id, usuario_id, accion, tabla, registro, observacion, fecha) VALUES (121, 1, 'editar', 'insumo', NULL, NULL, '2015-08-21 10:35:21');
INSERT INTO bitacora (id, usuario_id, accion, tabla, registro, observacion, fecha) VALUES (122, 1, 'editar', 'insumo', NULL, NULL, '2015-08-21 10:36:05');
INSERT INTO bitacora (id, usuario_id, accion, tabla, registro, observacion, fecha) VALUES (123, 1, 'identificación', 'NINGUNA', NULL, NULL, '2015-08-21 10:36:35');
INSERT INTO bitacora (id, usuario_id, accion, tabla, registro, observacion, fecha) VALUES (124, 1, 'editar', 'insumo', NULL, NULL, '2015-08-21 10:45:27');
INSERT INTO bitacora (id, usuario_id, accion, tabla, registro, observacion, fecha) VALUES (125, 1, 'editar', 'insumo', NULL, NULL, '2015-08-21 10:45:49');
INSERT INTO bitacora (id, usuario_id, accion, tabla, registro, observacion, fecha) VALUES (126, 1, 'editar', 'insumo', NULL, NULL, '2015-08-21 10:45:54');
INSERT INTO bitacora (id, usuario_id, accion, tabla, registro, observacion, fecha) VALUES (127, 1, 'editar', 'insumo', NULL, NULL, '2015-08-21 10:45:57');
INSERT INTO bitacora (id, usuario_id, accion, tabla, registro, observacion, fecha) VALUES (128, 1, 'editar', 'insumo', NULL, NULL, '2015-08-21 10:46:48');
INSERT INTO bitacora (id, usuario_id, accion, tabla, registro, observacion, fecha) VALUES (129, 1, 'identificación', 'NINGUNA', NULL, NULL, '2015-08-21 10:47:45');
INSERT INTO bitacora (id, usuario_id, accion, tabla, registro, observacion, fecha) VALUES (130, 1, 'identificación', 'NINGUNA', NULL, NULL, '2015-08-21 10:51:02');
INSERT INTO bitacora (id, usuario_id, accion, tabla, registro, observacion, fecha) VALUES (131, 1, 'editar', 'usuario', NULL, NULL, '2015-08-21 11:02:35');
INSERT INTO bitacora (id, usuario_id, accion, tabla, registro, observacion, fecha) VALUES (132, 1, 'editar', 'usuario_credencial', NULL, NULL, '2015-08-21 11:02:42');
INSERT INTO bitacora (id, usuario_id, accion, tabla, registro, observacion, fecha) VALUES (133, 1, 'editar', 'insumo', NULL, NULL, '2015-08-21 11:02:52');
INSERT INTO bitacora (id, usuario_id, accion, tabla, registro, observacion, fecha) VALUES (134, 1, 'editar', 'insumo', NULL, NULL, '2015-08-21 11:03:57');
INSERT INTO bitacora (id, usuario_id, accion, tabla, registro, observacion, fecha) VALUES (135, 1, 'editar', 'insumo', NULL, NULL, '2015-08-21 11:04:19');
INSERT INTO bitacora (id, usuario_id, accion, tabla, registro, observacion, fecha) VALUES (136, 1, 'editar', 'insumo', NULL, NULL, '2015-08-21 11:04:25');
INSERT INTO bitacora (id, usuario_id, accion, tabla, registro, observacion, fecha) VALUES (137, 1, 'editar', 'insumo', NULL, NULL, '2015-08-21 11:04:30');
INSERT INTO bitacora (id, usuario_id, accion, tabla, registro, observacion, fecha) VALUES (138, 1, 'editar', 'insumo', NULL, NULL, '2015-08-21 11:04:39');
INSERT INTO bitacora (id, usuario_id, accion, tabla, registro, observacion, fecha) VALUES (139, 1, 'editar', 'insumo', NULL, NULL, '2015-08-21 11:04:59');
INSERT INTO bitacora (id, usuario_id, accion, tabla, registro, observacion, fecha) VALUES (140, 1, 'editar', 'sacrificio_venta', NULL, NULL, '2015-08-21 11:06:32');
INSERT INTO bitacora (id, usuario_id, accion, tabla, registro, observacion, fecha) VALUES (141, 1, 'identificación', 'NINGUNA', NULL, NULL, '2015-08-21 11:41:59');
INSERT INTO bitacora (id, usuario_id, accion, tabla, registro, observacion, fecha) VALUES (142, 1, 'editar', 'insumo', NULL, NULL, '2015-08-21 11:44:37');
INSERT INTO bitacora (id, usuario_id, accion, tabla, registro, observacion, fecha) VALUES (143, 1, 'editar', 'insumo', NULL, NULL, '2015-08-21 11:44:48');
INSERT INTO bitacora (id, usuario_id, accion, tabla, registro, observacion, fecha) VALUES (144, 1, 'editar', 'insumo', NULL, NULL, '2015-08-21 11:44:55');
INSERT INTO bitacora (id, usuario_id, accion, tabla, registro, observacion, fecha) VALUES (145, 1, 'editar', 'insumo', NULL, NULL, '2015-08-21 11:45:01');
INSERT INTO bitacora (id, usuario_id, accion, tabla, registro, observacion, fecha) VALUES (146, 1, 'editar', 'insumo', NULL, NULL, '2015-08-21 11:45:22');
INSERT INTO bitacora (id, usuario_id, accion, tabla, registro, observacion, fecha) VALUES (147, 1, 'editar', 'insumo', NULL, NULL, '2015-08-21 11:45:35');
INSERT INTO bitacora (id, usuario_id, accion, tabla, registro, observacion, fecha) VALUES (148, 1, 'identificación', 'NINGUNA', NULL, NULL, '2015-08-21 12:08:23');
INSERT INTO bitacora (id, usuario_id, accion, tabla, registro, observacion, fecha) VALUES (149, 1, 'editar', 'vacunacion', NULL, NULL, '2015-08-21 12:08:29');
INSERT INTO bitacora (id, usuario_id, accion, tabla, registro, observacion, fecha) VALUES (150, 1, 'editar', 'vacunacion', NULL, NULL, '2015-08-21 12:08:34');
INSERT INTO bitacora (id, usuario_id, accion, tabla, registro, observacion, fecha) VALUES (151, 1, 'eliminar', 'vacunacion', NULL, NULL, '2015-08-21 12:08:41');
INSERT INTO bitacora (id, usuario_id, accion, tabla, registro, observacion, fecha) VALUES (152, 1, 'editar', 'vacunacion', NULL, NULL, '2015-08-21 12:08:46');
INSERT INTO bitacora (id, usuario_id, accion, tabla, registro, observacion, fecha) VALUES (153, 1, 'insertar', 'vacunacion', NULL, NULL, '2015-08-21 12:09:03');
INSERT INTO bitacora (id, usuario_id, accion, tabla, registro, observacion, fecha) VALUES (154, 1, 'editar', 'vacunacion', NULL, NULL, '2015-08-21 12:13:53');
INSERT INTO bitacora (id, usuario_id, accion, tabla, registro, observacion, fecha) VALUES (155, 1, 'editar', 'vacunacion', NULL, NULL, '2015-08-21 12:16:53');
INSERT INTO bitacora (id, usuario_id, accion, tabla, registro, observacion, fecha) VALUES (156, 1, 'editar', 'vacunacion', NULL, NULL, '2015-08-21 12:17:34');
INSERT INTO bitacora (id, usuario_id, accion, tabla, registro, observacion, fecha) VALUES (157, 1, 'editar', 'insumo', NULL, NULL, '2015-08-21 12:34:26');
INSERT INTO bitacora (id, usuario_id, accion, tabla, registro, observacion, fecha) VALUES (158, 1, 'editar', 'insumo', NULL, NULL, '2015-08-21 12:34:33');
INSERT INTO bitacora (id, usuario_id, accion, tabla, registro, observacion, fecha) VALUES (159, 1, 'editar', 'insumo', NULL, NULL, '2015-08-21 12:34:38');
INSERT INTO bitacora (id, usuario_id, accion, tabla, registro, observacion, fecha) VALUES (160, 1, 'editar', 'insumo', NULL, NULL, '2015-08-21 12:34:42');
INSERT INTO bitacora (id, usuario_id, accion, tabla, registro, observacion, fecha) VALUES (161, 1, 'identificación', 'NINGUNA', NULL, NULL, '2015-08-21 14:11:55');
INSERT INTO bitacora (id, usuario_id, accion, tabla, registro, observacion, fecha) VALUES (162, 1, 'insertar', 'vacunacion', NULL, NULL, '2015-08-21 14:42:36');
INSERT INTO bitacora (id, usuario_id, accion, tabla, registro, observacion, fecha) VALUES (163, 1, 'editar', 'vacunacion', NULL, NULL, '2015-08-21 14:42:43');
INSERT INTO bitacora (id, usuario_id, accion, tabla, registro, observacion, fecha) VALUES (164, 1, 'editar', 'insumo', NULL, NULL, '2015-08-21 14:43:00');
INSERT INTO bitacora (id, usuario_id, accion, tabla, registro, observacion, fecha) VALUES (165, 1, 'editar', 'insumo', NULL, NULL, '2015-08-21 14:43:05');
INSERT INTO bitacora (id, usuario_id, accion, tabla, registro, observacion, fecha) VALUES (166, 1, 'editar', 'insumo', NULL, NULL, '2015-08-21 14:43:09');
INSERT INTO bitacora (id, usuario_id, accion, tabla, registro, observacion, fecha) VALUES (167, 1, 'editar', 'vacunacion', NULL, NULL, '2015-08-21 14:52:50');
INSERT INTO bitacora (id, usuario_id, accion, tabla, registro, observacion, fecha) VALUES (168, 1, 'editar', 'insumo', NULL, NULL, '2015-08-21 15:01:30');
INSERT INTO bitacora (id, usuario_id, accion, tabla, registro, observacion, fecha) VALUES (169, 1, 'editar', 'insumo', NULL, NULL, '2015-08-21 15:01:43');
INSERT INTO bitacora (id, usuario_id, accion, tabla, registro, observacion, fecha) VALUES (170, 1, 'insertar', 'insumo', NULL, NULL, '2015-08-21 15:20:46');
INSERT INTO bitacora (id, usuario_id, accion, tabla, registro, observacion, fecha) VALUES (171, 1, 'editar', 'insumo', NULL, NULL, '2015-08-21 15:20:59');
INSERT INTO bitacora (id, usuario_id, accion, tabla, registro, observacion, fecha) VALUES (172, 1, 'identificación', 'NINGUNA', NULL, NULL, '2015-08-21 17:03:27');
INSERT INTO bitacora (id, usuario_id, accion, tabla, registro, observacion, fecha) VALUES (173, 1, 'identificación', 'NINGUNA', NULL, NULL, '2015-08-21 19:24:27');
INSERT INTO bitacora (id, usuario_id, accion, tabla, registro, observacion, fecha) VALUES (174, 1, 'identificación', 'NINGUNA', NULL, NULL, '2015-08-22 11:28:54');
INSERT INTO bitacora (id, usuario_id, accion, tabla, registro, observacion, fecha) VALUES (175, 1, 'identificación', 'NINGUNA', NULL, NULL, '2015-08-22 11:50:28');
INSERT INTO bitacora (id, usuario_id, accion, tabla, registro, observacion, fecha) VALUES (176, 1, 'identificación', 'NINGUNA', NULL, NULL, '2015-08-22 14:42:43');
INSERT INTO bitacora (id, usuario_id, accion, tabla, registro, observacion, fecha) VALUES (177, 1, 'identificación', 'NINGUNA', NULL, NULL, '2015-08-22 15:49:23');
INSERT INTO bitacora (id, usuario_id, accion, tabla, registro, observacion, fecha) VALUES (178, 1, 'identificación', 'NINGUNA', NULL, NULL, '2015-08-22 18:03:07');
INSERT INTO bitacora (id, usuario_id, accion, tabla, registro, observacion, fecha) VALUES (179, 1, 'identificación', 'NINGUNA', NULL, NULL, '2015-08-22 18:21:32');
INSERT INTO bitacora (id, usuario_id, accion, tabla, registro, observacion, fecha) VALUES (180, 1, 'identificación', 'NINGUNA', NULL, NULL, '2015-08-23 09:36:49');
INSERT INTO bitacora (id, usuario_id, accion, tabla, registro, observacion, fecha) VALUES (181, 1, 'identificación', 'NINGUNA', NULL, NULL, '2015-08-23 13:22:49');
INSERT INTO bitacora (id, usuario_id, accion, tabla, registro, observacion, fecha) VALUES (182, 1, 'identificación', 'NINGUNA', NULL, NULL, '2015-08-23 14:24:36');
INSERT INTO bitacora (id, usuario_id, accion, tabla, registro, observacion, fecha) VALUES (183, 1, 'identificación', 'NINGUNA', NULL, NULL, '2015-08-23 18:07:50');
INSERT INTO bitacora (id, usuario_id, accion, tabla, registro, observacion, fecha) VALUES (184, 1, 'identificación', 'NINGUNA', NULL, NULL, '2015-08-23 18:09:43');
INSERT INTO bitacora (id, usuario_id, accion, tabla, registro, observacion, fecha) VALUES (185, 1, 'identificación', 'NINGUNA', NULL, NULL, '2015-08-23 18:22:23');
INSERT INTO bitacora (id, usuario_id, accion, tabla, registro, observacion, fecha) VALUES (186, 1, 'identificación', 'NINGUNA', NULL, NULL, '2015-08-23 18:23:20');
INSERT INTO bitacora (id, usuario_id, accion, tabla, registro, observacion, fecha) VALUES (187, 1, 'identificación', 'NINGUNA', NULL, NULL, '2015-08-24 09:15:30');
INSERT INTO bitacora (id, usuario_id, accion, tabla, registro, observacion, fecha) VALUES (188, 1, 'identificación', 'NINGUNA', NULL, NULL, '2015-08-24 09:28:00');
INSERT INTO bitacora (id, usuario_id, accion, tabla, registro, observacion, fecha) VALUES (189, 1, 'identificación', 'NINGUNA', NULL, NULL, '2015-08-24 15:38:42');
INSERT INTO bitacora (id, usuario_id, accion, tabla, registro, observacion, fecha) VALUES (190, 1, 'insertar', 'tipo_venta', NULL, NULL, '2015-08-24 15:51:49');
INSERT INTO bitacora (id, usuario_id, accion, tabla, registro, observacion, fecha) VALUES (191, 1, 'identificación', 'NINGUNA', NULL, NULL, '2015-08-24 16:10:06');
INSERT INTO bitacora (id, usuario_id, accion, tabla, registro, observacion, fecha) VALUES (192, 1, 'identificación', 'NINGUNA', NULL, NULL, '2015-08-24 18:34:29');
INSERT INTO bitacora (id, usuario_id, accion, tabla, registro, observacion, fecha) VALUES (193, 1, 'identificación', 'NINGUNA', NULL, NULL, '2015-08-24 19:43:47');
INSERT INTO bitacora (id, usuario_id, accion, tabla, registro, observacion, fecha) VALUES (194, 1, 'identificación', 'NINGUNA', NULL, NULL, '2015-08-24 21:16:47');
INSERT INTO bitacora (id, usuario_id, accion, tabla, registro, observacion, fecha) VALUES (195, 1, 'identificación', 'NINGUNA', NULL, NULL, '2015-08-25 08:29:44');
INSERT INTO bitacora (id, usuario_id, accion, tabla, registro, observacion, fecha) VALUES (196, 1, 'identificación', 'NINGUNA', NULL, NULL, '2015-08-25 09:50:19');
INSERT INTO bitacora (id, usuario_id, accion, tabla, registro, observacion, fecha) VALUES (197, 1, 'identificación', 'NINGUNA', NULL, NULL, '2015-08-25 15:20:45');
INSERT INTO bitacora (id, usuario_id, accion, tabla, registro, observacion, fecha) VALUES (198, 1, 'identificación', 'NINGUNA', NULL, NULL, '2015-08-25 15:49:16');
INSERT INTO bitacora (id, usuario_id, accion, tabla, registro, observacion, fecha) VALUES (199, 1, 'insertar', 'hoja_vida', NULL, NULL, '2015-08-25 17:30:54');
INSERT INTO bitacora (id, usuario_id, accion, tabla, registro, observacion, fecha) VALUES (200, 1, 'identificación', 'NINGUNA', NULL, NULL, '2015-08-25 17:43:32');
INSERT INTO bitacora (id, usuario_id, accion, tabla, registro, observacion, fecha) VALUES (201, 1, 'identificación', 'NINGUNA', NULL, NULL, '2015-08-25 17:55:24');
INSERT INTO bitacora (id, usuario_id, accion, tabla, registro, observacion, fecha) VALUES (202, 1, 'identificación', 'NINGUNA', NULL, NULL, '2015-08-26 10:50:35');
INSERT INTO bitacora (id, usuario_id, accion, tabla, registro, observacion, fecha) VALUES (203, 1, 'insertar', 'vacunacion', NULL, NULL, '2015-08-26 11:48:51');
INSERT INTO bitacora (id, usuario_id, accion, tabla, registro, observacion, fecha) VALUES (204, 1, 'editar', 'vacunacion', NULL, NULL, '2015-08-26 11:57:08');
INSERT INTO bitacora (id, usuario_id, accion, tabla, registro, observacion, fecha) VALUES (205, 1, 'editar', 'vacunacion', NULL, NULL, '2015-08-26 11:57:13');
INSERT INTO bitacora (id, usuario_id, accion, tabla, registro, observacion, fecha) VALUES (206, 1, 'editar', 'insumo', NULL, NULL, '2015-08-26 12:17:25');
INSERT INTO bitacora (id, usuario_id, accion, tabla, registro, observacion, fecha) VALUES (207, 1, 'editar', 'insumo', NULL, NULL, '2015-08-26 12:17:29');
INSERT INTO bitacora (id, usuario_id, accion, tabla, registro, observacion, fecha) VALUES (208, 1, 'editar', 'insumo', NULL, NULL, '2015-08-26 12:25:55');
INSERT INTO bitacora (id, usuario_id, accion, tabla, registro, observacion, fecha) VALUES (209, 1, 'editar', 'insumo', NULL, NULL, '2015-08-26 12:26:00');
INSERT INTO bitacora (id, usuario_id, accion, tabla, registro, observacion, fecha) VALUES (210, 1, 'editar', 'insumo', NULL, NULL, '2015-08-26 12:26:08');
INSERT INTO bitacora (id, usuario_id, accion, tabla, registro, observacion, fecha) VALUES (211, 1, 'editar', 'vacunacion', NULL, NULL, '2015-08-26 12:32:29');
INSERT INTO bitacora (id, usuario_id, accion, tabla, registro, observacion, fecha) VALUES (212, 1, 'editar', 'vacunacion', NULL, NULL, '2015-08-26 12:32:32');
INSERT INTO bitacora (id, usuario_id, accion, tabla, registro, observacion, fecha) VALUES (213, 1, 'editar', 'vacunacion', NULL, NULL, '2015-08-26 12:52:33');
INSERT INTO bitacora (id, usuario_id, accion, tabla, registro, observacion, fecha) VALUES (214, 1, 'insertar', 'vacunacion', NULL, NULL, '2015-08-26 12:52:54');
INSERT INTO bitacora (id, usuario_id, accion, tabla, registro, observacion, fecha) VALUES (215, 1, 'identificación', 'NINGUNA', NULL, NULL, '2015-08-26 14:41:58');
INSERT INTO bitacora (id, usuario_id, accion, tabla, registro, observacion, fecha) VALUES (216, 1, 'identificación', 'NINGUNA', NULL, NULL, '2015-08-26 15:14:14');
INSERT INTO bitacora (id, usuario_id, accion, tabla, registro, observacion, fecha) VALUES (217, 1, 'identificación', 'NINGUNA', NULL, NULL, '2015-08-26 15:34:32');
INSERT INTO bitacora (id, usuario_id, accion, tabla, registro, observacion, fecha) VALUES (218, 1, 'identificación', 'NINGUNA', NULL, NULL, '2015-08-26 16:23:34');
INSERT INTO bitacora (id, usuario_id, accion, tabla, registro, observacion, fecha) VALUES (219, 1, 'identificación', 'NINGUNA', NULL, NULL, '2015-08-26 17:15:07');
INSERT INTO bitacora (id, usuario_id, accion, tabla, registro, observacion, fecha) VALUES (220, 1, 'identificación', 'NINGUNA', NULL, NULL, '2015-08-26 17:20:51');
INSERT INTO bitacora (id, usuario_id, accion, tabla, registro, observacion, fecha) VALUES (221, 1, 'identificación', 'NINGUNA', NULL, NULL, '2015-08-27 10:11:41');
INSERT INTO bitacora (id, usuario_id, accion, tabla, registro, observacion, fecha) VALUES (222, 1, 'insertar', 'insumo', NULL, NULL, '2015-08-27 10:19:22');
INSERT INTO bitacora (id, usuario_id, accion, tabla, registro, observacion, fecha) VALUES (223, 1, 'identificación', 'NINGUNA', NULL, NULL, '2015-08-27 11:57:15');
INSERT INTO bitacora (id, usuario_id, accion, tabla, registro, observacion, fecha) VALUES (224, 1, 'editar', 'control_peso', NULL, NULL, '2015-08-27 12:00:13');
INSERT INTO bitacora (id, usuario_id, accion, tabla, registro, observacion, fecha) VALUES (225, 1, 'editar', 'control_peso', NULL, NULL, '2015-08-27 12:00:27');
INSERT INTO bitacora (id, usuario_id, accion, tabla, registro, observacion, fecha) VALUES (226, 1, 'editar', 'control_peso', NULL, NULL, '2015-08-27 12:00:50');
INSERT INTO bitacora (id, usuario_id, accion, tabla, registro, observacion, fecha) VALUES (227, 1, 'insertar', 'control_peso', NULL, NULL, '2015-08-27 12:01:14');
INSERT INTO bitacora (id, usuario_id, accion, tabla, registro, observacion, fecha) VALUES (228, 1, 'editar', 'control_peso', NULL, NULL, '2015-08-27 12:01:48');
INSERT INTO bitacora (id, usuario_id, accion, tabla, registro, observacion, fecha) VALUES (229, 1, 'insertar', 'control_peso', NULL, NULL, '2015-08-27 12:02:13');
INSERT INTO bitacora (id, usuario_id, accion, tabla, registro, observacion, fecha) VALUES (230, 1, 'editar', 'control_peso', NULL, NULL, '2015-08-27 12:14:25');
INSERT INTO bitacora (id, usuario_id, accion, tabla, registro, observacion, fecha) VALUES (231, 1, 'identificación', 'NINGUNA', NULL, NULL, '2015-08-27 14:44:57');
INSERT INTO bitacora (id, usuario_id, accion, tabla, registro, observacion, fecha) VALUES (232, 1, 'identificación', 'NINGUNA', NULL, NULL, '2015-08-27 15:51:18');
INSERT INTO bitacora (id, usuario_id, accion, tabla, registro, observacion, fecha) VALUES (233, 1, 'identificación', 'NINGUNA', NULL, NULL, '2015-08-27 15:58:08');
INSERT INTO bitacora (id, usuario_id, accion, tabla, registro, observacion, fecha) VALUES (234, 1, 'identificación', 'NINGUNA', NULL, NULL, '2015-08-27 18:33:52');
INSERT INTO bitacora (id, usuario_id, accion, tabla, registro, observacion, fecha) VALUES (235, 1, 'identificación', 'NINGUNA', NULL, NULL, '2015-08-27 18:55:25');
INSERT INTO bitacora (id, usuario_id, accion, tabla, registro, observacion, fecha) VALUES (236, 1, 'editar', 'tipo_venta', NULL, NULL, '2015-08-27 18:56:39');
INSERT INTO bitacora (id, usuario_id, accion, tabla, registro, observacion, fecha) VALUES (237, 1, 'editar', 'tipo_venta', NULL, NULL, '2015-08-27 18:56:46');
INSERT INTO bitacora (id, usuario_id, accion, tabla, registro, observacion, fecha) VALUES (238, 1, 'editar', 'tipo_venta', NULL, NULL, '2015-08-27 18:56:52');
INSERT INTO bitacora (id, usuario_id, accion, tabla, registro, observacion, fecha) VALUES (239, 1, 'identificación', 'NINGUNA', NULL, NULL, '2015-08-27 19:10:32');
INSERT INTO bitacora (id, usuario_id, accion, tabla, registro, observacion, fecha) VALUES (240, 1, 'identificación', 'NINGUNA', NULL, NULL, '2015-08-27 19:19:32');
INSERT INTO bitacora (id, usuario_id, accion, tabla, registro, observacion, fecha) VALUES (241, 1, 'identificación', 'NINGUNA', NULL, NULL, '2015-08-27 22:19:59');
INSERT INTO bitacora (id, usuario_id, accion, tabla, registro, observacion, fecha) VALUES (242, 1, 'identificación', 'NINGUNA', NULL, NULL, '2015-08-27 22:52:11');
INSERT INTO bitacora (id, usuario_id, accion, tabla, registro, observacion, fecha) VALUES (243, 1, 'identificación', 'NINGUNA', NULL, NULL, '2015-08-27 23:06:00');
INSERT INTO bitacora (id, usuario_id, accion, tabla, registro, observacion, fecha) VALUES (244, 1, 'identificación', 'NINGUNA', NULL, NULL, '2015-08-28 07:22:33');
INSERT INTO bitacora (id, usuario_id, accion, tabla, registro, observacion, fecha) VALUES (245, 1, 'identificación', 'NINGUNA', NULL, NULL, '2015-08-28 07:40:19');
INSERT INTO bitacora (id, usuario_id, accion, tabla, registro, observacion, fecha) VALUES (246, 1, 'editar', 'insumo', NULL, NULL, '2015-08-28 08:00:16');
INSERT INTO bitacora (id, usuario_id, accion, tabla, registro, observacion, fecha) VALUES (247, 1, 'editar', 'insumo', NULL, NULL, '2015-08-28 08:00:25');
INSERT INTO bitacora (id, usuario_id, accion, tabla, registro, observacion, fecha) VALUES (248, 1, 'editar', 'insumo', NULL, NULL, '2015-08-28 08:00:31');
INSERT INTO bitacora (id, usuario_id, accion, tabla, registro, observacion, fecha) VALUES (249, 1, 'editar', 'insumo', NULL, NULL, '2015-08-28 08:00:41');
INSERT INTO bitacora (id, usuario_id, accion, tabla, registro, observacion, fecha) VALUES (250, 1, 'editar', 'insumo', NULL, NULL, '2015-08-28 08:00:56');
INSERT INTO bitacora (id, usuario_id, accion, tabla, registro, observacion, fecha) VALUES (251, 1, 'editar', 'insumo', NULL, NULL, '2015-08-28 08:01:07');
INSERT INTO bitacora (id, usuario_id, accion, tabla, registro, observacion, fecha) VALUES (252, 1, 'editar', 'insumo', NULL, NULL, '2015-08-28 08:01:19');
INSERT INTO bitacora (id, usuario_id, accion, tabla, registro, observacion, fecha) VALUES (253, 1, 'editar', 'insumo', NULL, NULL, '2015-08-28 08:01:23');
INSERT INTO bitacora (id, usuario_id, accion, tabla, registro, observacion, fecha) VALUES (254, 1, 'editar', 'insumo', NULL, NULL, '2015-08-28 08:01:26');
INSERT INTO bitacora (id, usuario_id, accion, tabla, registro, observacion, fecha) VALUES (255, 1, 'editar', 'insumo', NULL, NULL, '2015-08-28 08:01:33');
INSERT INTO bitacora (id, usuario_id, accion, tabla, registro, observacion, fecha) VALUES (256, 1, 'editar', 'insumo', NULL, NULL, '2015-08-28 08:01:36');
INSERT INTO bitacora (id, usuario_id, accion, tabla, registro, observacion, fecha) VALUES (257, 1, 'editar', 'insumo', NULL, NULL, '2015-08-28 08:01:45');
INSERT INTO bitacora (id, usuario_id, accion, tabla, registro, observacion, fecha) VALUES (258, 1, 'eliminar', 'insumo', NULL, NULL, '2015-08-28 08:01:55');
INSERT INTO bitacora (id, usuario_id, accion, tabla, registro, observacion, fecha) VALUES (259, 1, 'identificación', 'NINGUNA', NULL, NULL, '2015-08-28 08:09:44');
INSERT INTO bitacora (id, usuario_id, accion, tabla, registro, observacion, fecha) VALUES (260, 1, 'editar', 'vacunacion', NULL, NULL, '2015-08-28 08:24:34');
INSERT INTO bitacora (id, usuario_id, accion, tabla, registro, observacion, fecha) VALUES (261, 1, 'editar', 'vacunacion', NULL, NULL, '2015-08-28 08:24:42');
INSERT INTO bitacora (id, usuario_id, accion, tabla, registro, observacion, fecha) VALUES (262, 1, 'editar', 'control_peso', NULL, NULL, '2015-08-28 08:25:20');
INSERT INTO bitacora (id, usuario_id, accion, tabla, registro, observacion, fecha) VALUES (263, 1, 'editar', 'control_peso', NULL, NULL, '2015-08-28 08:27:15');
INSERT INTO bitacora (id, usuario_id, accion, tabla, registro, observacion, fecha) VALUES (264, 1, 'identificación', 'NINGUNA', NULL, NULL, '2015-08-28 10:59:28');


--
-- TOC entry 2468 (class 0 OID 0)
-- Dependencies: 170
-- Name: bitacora_id_seq; Type: SEQUENCE SET; Schema: public; Owner: postgres
--

SELECT pg_catalog.setval('bitacora_id_seq', 264, true);


--
-- TOC entry 2410 (class 0 OID 61335)
-- Dependencies: 207
-- Data for Name: ciudad; Type: TABLE DATA; Schema: public; Owner: postgres
--

INSERT INTO ciudad (id, nom_ciudad, depto_id, created_at, updated_at, deleted_at) VALUES (3, 'finlandia', 4, '2015-08-21 09:16:29.313911', '2015-08-21 09:16:29.313911', '2015-08-21 09:16:32');
INSERT INTO ciudad (id, nom_ciudad, depto_id, created_at, updated_at, deleted_at) VALUES (4, 'Pradera', 31, '2015-08-24 17:56:48.330746', '2015-08-24 17:56:48.330746', NULL);
INSERT INTO ciudad (id, nom_ciudad, depto_id, created_at, updated_at, deleted_at) VALUES (1, 'Cali', 31, '2015-08-13 15:58:19.16009', '2015-08-13 15:58:19.16009', NULL);
INSERT INTO ciudad (id, nom_ciudad, depto_id, created_at, updated_at, deleted_at) VALUES (2, 'ancuya', 20, '2015-08-21 09:16:18.673289', '2015-08-21 09:16:18.673289', NULL);


--
-- TOC entry 2469 (class 0 OID 0)
-- Dependencies: 177
-- Name: ciudad_id_seq; Type: SEQUENCE SET; Schema: public; Owner: postgres
--

SELECT pg_catalog.setval('ciudad_id_seq', 4, true);


--
-- TOC entry 2419 (class 0 OID 61407)
-- Dependencies: 216
-- Data for Name: control_peso; Type: TABLE DATA; Schema: public; Owner: postgres
--

INSERT INTO control_peso (id, peso_cerdo, unidad_medida_id, hoja_vida_id, empleado_id, created_at, updated_at, deleted_at) VALUES (2, 30, 2, 1, 2, '2015-08-18 22:25:35.104153', '2015-08-18 22:25:35.104153', NULL);
INSERT INTO control_peso (id, peso_cerdo, unidad_medida_id, hoja_vida_id, empleado_id, created_at, updated_at, deleted_at) VALUES (3, 31, 2, 4, 4, '2015-08-21 10:09:31.459655', '2015-08-21 10:09:31.459655', NULL);
INSERT INTO control_peso (id, peso_cerdo, unidad_medida_id, hoja_vida_id, empleado_id, created_at, updated_at, deleted_at) VALUES (4, 30, 2, 2, 6, '2015-08-27 12:01:14.235562', '2015-08-27 12:01:14.235562', NULL);
INSERT INTO control_peso (id, peso_cerdo, unidad_medida_id, hoja_vida_id, empleado_id, created_at, updated_at, deleted_at) VALUES (1, 100, 2, 2, 1, '2015-08-13 16:10:30.026991', '2015-08-13 16:10:30.026991', NULL);
INSERT INTO control_peso (id, peso_cerdo, unidad_medida_id, hoja_vida_id, empleado_id, created_at, updated_at, deleted_at) VALUES (5, 100, 2, 1, 6, '2015-08-27 12:02:13.110499', '2015-08-27 12:02:13.110499', NULL);


--
-- TOC entry 2470 (class 0 OID 0)
-- Dependencies: 186
-- Name: control_peso_id_seq; Type: SEQUENCE SET; Schema: public; Owner: postgres
--

SELECT pg_catalog.setval('control_peso_id_seq', 5, true);


--
-- TOC entry 2404 (class 0 OID 61282)
-- Dependencies: 201
-- Data for Name: credencial; Type: TABLE DATA; Schema: public; Owner: postgres
--

INSERT INTO credencial (id, nombre, created_at, updated_at, deleted_at) VALUES (1, 'admin', '2015-08-13 15:54:29.256885', '2015-08-13 15:54:29.256885', NULL);
INSERT INTO credencial (id, nombre, created_at, updated_at, deleted_at) VALUES (3, 'consultor', '2015-08-21 09:12:34.383663', '2015-08-21 09:12:34.383663', '2015-08-21 09:12:42');
INSERT INTO credencial (id, nombre, created_at, updated_at, deleted_at) VALUES (2, 'usuario', '2015-08-13 15:54:29.256885', '2015-08-13 15:54:29.256885', NULL);


--
-- TOC entry 2471 (class 0 OID 0)
-- Dependencies: 171
-- Name: credencial_id_seq; Type: SEQUENCE SET; Schema: public; Owner: postgres
--

SELECT pg_catalog.setval('credencial_id_seq', 3, true);


--
-- TOC entry 2408 (class 0 OID 61319)
-- Dependencies: 205
-- Data for Name: depto; Type: TABLE DATA; Schema: public; Owner: postgres
--

INSERT INTO depto (id, nom_depto, created_at, updated_at, deleted_at) VALUES (1, 'Antioquia', '2015-08-13 15:54:29.256885', '2015-08-13 15:54:29.256885', NULL);
INSERT INTO depto (id, nom_depto, created_at, updated_at, deleted_at) VALUES (2, 'Arauca', '2015-08-13 15:54:29.256885', '2015-08-13 15:54:29.256885', NULL);
INSERT INTO depto (id, nom_depto, created_at, updated_at, deleted_at) VALUES (3, 'Atlantico', '2015-08-13 15:54:29.256885', '2015-08-13 15:54:29.256885', NULL);
INSERT INTO depto (id, nom_depto, created_at, updated_at, deleted_at) VALUES (4, 'Bolivar', '2015-08-13 15:54:29.256885', '2015-08-13 15:54:29.256885', NULL);
INSERT INTO depto (id, nom_depto, created_at, updated_at, deleted_at) VALUES (5, 'Boyaca', '2015-08-13 15:54:29.256885', '2015-08-13 15:54:29.256885', NULL);
INSERT INTO depto (id, nom_depto, created_at, updated_at, deleted_at) VALUES (6, 'Caldas', '2015-08-13 15:54:29.256885', '2015-08-13 15:54:29.256885', NULL);
INSERT INTO depto (id, nom_depto, created_at, updated_at, deleted_at) VALUES (7, 'Caqueta', '2015-08-24 11:38:36.23021', '2015-08-24 11:38:36.23021', NULL);
INSERT INTO depto (id, nom_depto, created_at, updated_at, deleted_at) VALUES (8, 'Casanare', '2015-08-24 11:38:43.087916', '2015-08-24 11:38:43.087916', NULL);
INSERT INTO depto (id, nom_depto, created_at, updated_at, deleted_at) VALUES (9, 'Cauca', '2015-08-24 11:38:49.796561', '2015-08-24 11:38:49.796561', NULL);
INSERT INTO depto (id, nom_depto, created_at, updated_at, deleted_at) VALUES (10, 'Cesar', '2015-08-24 11:38:56.462302', '2015-08-24 11:38:56.462302', NULL);
INSERT INTO depto (id, nom_depto, created_at, updated_at, deleted_at) VALUES (11, 'Choco', '2015-08-24 11:39:03.074608', '2015-08-24 11:39:03.074608', NULL);
INSERT INTO depto (id, nom_depto, created_at, updated_at, deleted_at) VALUES (12, 'Cordoba', '2015-08-24 11:39:11.343167', '2015-08-24 11:39:11.343167', NULL);
INSERT INTO depto (id, nom_depto, created_at, updated_at, deleted_at) VALUES (13, 'Cundinamarca', '2015-08-24 11:39:37.190122', '2015-08-24 11:39:37.190122', NULL);
INSERT INTO depto (id, nom_depto, created_at, updated_at, deleted_at) VALUES (14, 'Guainia', '2015-08-24 11:39:46.163248', '2015-08-24 11:39:46.163248', NULL);
INSERT INTO depto (id, nom_depto, created_at, updated_at, deleted_at) VALUES (15, 'Guaviare', '2015-08-24 11:39:54.625572', '2015-08-24 11:39:54.625572', NULL);
INSERT INTO depto (id, nom_depto, created_at, updated_at, deleted_at) VALUES (16, 'Huila', '2015-08-24 11:40:00.545722', '2015-08-24 11:40:00.545722', NULL);
INSERT INTO depto (id, nom_depto, created_at, updated_at, deleted_at) VALUES (17, 'La Guajira', '2015-08-24 11:40:10.976001', '2015-08-24 11:40:10.976001', NULL);
INSERT INTO depto (id, nom_depto, created_at, updated_at, deleted_at) VALUES (18, 'Magdalena', '2015-08-24 11:40:19.857725', '2015-08-24 11:40:19.857725', NULL);
INSERT INTO depto (id, nom_depto, created_at, updated_at, deleted_at) VALUES (19, 'Meta', '2015-08-24 11:40:26.327891', '2015-08-24 11:40:26.327891', NULL);
INSERT INTO depto (id, nom_depto, created_at, updated_at, deleted_at) VALUES (20, 'Narino', '2015-08-24 11:40:34.078616', '2015-08-24 11:40:34.078616', NULL);
INSERT INTO depto (id, nom_depto, created_at, updated_at, deleted_at) VALUES (21, 'Norte De Santander', '2015-08-24 11:40:45.366554', '2015-08-24 11:40:45.366554', NULL);
INSERT INTO depto (id, nom_depto, created_at, updated_at, deleted_at) VALUES (22, 'Putumayo', '2015-08-24 11:43:14.356915', '2015-08-24 11:43:14.356915', NULL);
INSERT INTO depto (id, nom_depto, created_at, updated_at, deleted_at) VALUES (23, 'Quindio', '2015-08-24 11:43:26.736252', '2015-08-24 11:43:26.736252', NULL);
INSERT INTO depto (id, nom_depto, created_at, updated_at, deleted_at) VALUES (24, 'Risaralda', '2015-08-24 11:43:35.318154', '2015-08-24 11:43:35.318154', NULL);
INSERT INTO depto (id, nom_depto, created_at, updated_at, deleted_at) VALUES (25, 'San Andres Y Providencia', '2015-08-24 11:43:56.458905', '2015-08-24 11:43:56.458905', NULL);
INSERT INTO depto (id, nom_depto, created_at, updated_at, deleted_at) VALUES (26, 'Santander', '2015-08-24 11:44:04.342732', '2015-08-24 11:44:04.342732', NULL);
INSERT INTO depto (id, nom_depto, created_at, updated_at, deleted_at) VALUES (27, 'Sucre', '2015-08-24 11:45:07.596501', '2015-08-24 11:45:07.596501', NULL);
INSERT INTO depto (id, nom_depto, created_at, updated_at, deleted_at) VALUES (28, 'Tolima', '2015-08-24 11:45:13.860804', '2015-08-24 11:45:13.860804', NULL);
INSERT INTO depto (id, nom_depto, created_at, updated_at, deleted_at) VALUES (29, 'Amazona', '2015-08-24 11:45:20.740511', '2015-08-24 11:45:20.740511', NULL);
INSERT INTO depto (id, nom_depto, created_at, updated_at, deleted_at) VALUES (30, 'Vaupes', '2015-08-24 11:45:27.57923', '2015-08-24 11:45:27.57923', NULL);
INSERT INTO depto (id, nom_depto, created_at, updated_at, deleted_at) VALUES (31, 'Valle Del Cauca', '2015-08-24 11:45:36.55945', '2015-08-24 11:45:36.55945', NULL);
INSERT INTO depto (id, nom_depto, created_at, updated_at, deleted_at) VALUES (32, 'Vichada', '2015-08-24 11:45:42.841388', '2015-08-24 11:45:42.841388', NULL);


--
-- TOC entry 2472 (class 0 OID 0)
-- Dependencies: 175
-- Name: depto_id_seq; Type: SEQUENCE SET; Schema: public; Owner: postgres
--

SELECT pg_catalog.setval('depto_id_seq', 32, true);


--
-- TOC entry 2428 (class 0 OID 61479)
-- Dependencies: 225
-- Data for Name: detalle_entrada; Type: TABLE DATA; Schema: public; Owner: postgres
--

INSERT INTO detalle_entrada (id, cantidad, valor, entrada_bodega_id, insumo_id, unidad_medida_id, created_at, updated_at, deleted_at) VALUES (4, 1, 5000, 3, 1, 2, '2015-08-21 10:19:26.160586', '2015-08-21 10:19:26.160586', NULL);
INSERT INTO detalle_entrada (id, cantidad, valor, entrada_bodega_id, insumo_id, unidad_medida_id, created_at, updated_at, deleted_at) VALUES (5, 12, 13000, 3, 4, 1, '2015-08-21 10:20:27.332372', '2015-08-21 10:20:27.332372', NULL);
INSERT INTO detalle_entrada (id, cantidad, valor, entrada_bodega_id, insumo_id, unidad_medida_id, created_at, updated_at, deleted_at) VALUES (1, 1, 3000, 1, 2, 2, '2015-08-14 14:55:13.886887', '2015-08-14 14:55:13.886887', NULL);
INSERT INTO detalle_entrada (id, cantidad, valor, entrada_bodega_id, insumo_id, unidad_medida_id, created_at, updated_at, deleted_at) VALUES (3, 2, 1233, 1, 7, 2, '2015-08-15 16:47:34.758387', '2015-08-15 16:47:34.758387', NULL);
INSERT INTO detalle_entrada (id, cantidad, valor, entrada_bodega_id, insumo_id, unidad_medida_id, created_at, updated_at, deleted_at) VALUES (2, 14, 12000, 1, 4, 1, '2015-08-14 14:55:33.334473', '2015-08-14 14:55:33.334473', NULL);


--
-- TOC entry 2473 (class 0 OID 0)
-- Dependencies: 195
-- Name: detalle_entrada_id_seq; Type: SEQUENCE SET; Schema: public; Owner: postgres
--

SELECT pg_catalog.setval('detalle_entrada_id_seq', 5, true);


--
-- TOC entry 2430 (class 0 OID 61495)
-- Dependencies: 227
-- Data for Name: detalle_salida; Type: TABLE DATA; Schema: public; Owner: postgres
--

INSERT INTO detalle_salida (id, cantidad, salida_bodega_id, insumo_id, unidad_medida_id, created_at, updated_at, deleted_at) VALUES (2, 2, 1, 2, 2, '2015-08-14 14:56:36.400252', '2015-08-14 14:56:36.400252', NULL);
INSERT INTO detalle_salida (id, cantidad, salida_bodega_id, insumo_id, unidad_medida_id, created_at, updated_at, deleted_at) VALUES (3, 1, 3, 4, 1, '2015-08-21 10:21:16.33307', '2015-08-21 10:21:16.33307', NULL);
INSERT INTO detalle_salida (id, cantidad, salida_bodega_id, insumo_id, unidad_medida_id, created_at, updated_at, deleted_at) VALUES (4, 1, 3, 1, 2, '2015-08-21 10:21:47.371479', '2015-08-21 10:21:47.371479', NULL);
INSERT INTO detalle_salida (id, cantidad, salida_bodega_id, insumo_id, unidad_medida_id, created_at, updated_at, deleted_at) VALUES (1, 12, 1, 3, 2, '2015-08-14 14:56:06.124874', '2015-08-14 14:56:06.124874', NULL);
INSERT INTO detalle_salida (id, cantidad, salida_bodega_id, insumo_id, unidad_medida_id, created_at, updated_at, deleted_at) VALUES (6, 250, 2, 4, 1, '2015-08-27 11:18:20.979711', '2015-08-27 11:18:20.979711', NULL);
INSERT INTO detalle_salida (id, cantidad, salida_bodega_id, insumo_id, unidad_medida_id, created_at, updated_at, deleted_at) VALUES (5, 5, 2, 6, 2, '2015-08-27 11:17:21.173048', '2015-08-27 11:17:21.173048', NULL);


--
-- TOC entry 2474 (class 0 OID 0)
-- Dependencies: 197
-- Name: detalle_salida_id_seq; Type: SEQUENCE SET; Schema: public; Owner: postgres
--

SELECT pg_catalog.setval('detalle_salida_id_seq', 6, true);


--
-- TOC entry 2415 (class 0 OID 61375)
-- Dependencies: 212
-- Data for Name: empleado; Type: TABLE DATA; Schema: public; Owner: postgres
--

INSERT INTO empleado (id, nombre, apellido, direccion, correo, telefono, tipo_id_id, usuario_id, created_at, updated_at, deleted_at, documento) VALUES (6, 'Elias', 'Tapasco', 'car 12 # 123', 'tigremaximo@hotmail.com', '2345678', 1, 1, '2015-08-25 17:25:29.770916', '2015-08-25 17:25:29.770916', NULL, 6290704);
INSERT INTO empleado (id, nombre, apellido, direccion, correo, telefono, tipo_id_id, usuario_id, created_at, updated_at, deleted_at, documento) VALUES (1, 'Humberto', 'Estrada Guerrero', 'car 19 n 345', 'humberto@hotmail.com', '2345678', 1, 1, '2015-08-13 16:10:18.190796', '2015-08-13 16:10:18.190796', NULL, 321);
INSERT INTO empleado (id, nombre, apellido, direccion, correo, telefono, tipo_id_id, usuario_id, created_at, updated_at, deleted_at, documento) VALUES (5, 'Gonzalo Andres', 'Bejarano Rivera', 'car 19 n 345', 'Gonzalo@hotmail.com', '2345678', 1, 1, '2015-08-24 17:55:54.386866', '2015-08-24 17:55:54.386866', '2015-08-28 07:25:10', 1234);
INSERT INTO empleado (id, nombre, apellido, direccion, correo, telefono, tipo_id_id, usuario_id, created_at, updated_at, deleted_at, documento) VALUES (7, 'Shacha', 'Pike', 'cra 19 N° 3-45', 'marceflor88@gmail.com', '2345678', 1, 1, '2015-08-25 17:53:10.604113', '2015-08-25 17:53:10.604113', '2015-08-28 07:25:42', 1234456);
INSERT INTO empleado (id, nombre, apellido, direccion, correo, telefono, tipo_id_id, usuario_id, created_at, updated_at, deleted_at, documento) VALUES (3, 'xena', 'permopolis', 'calle c car norte', 'tigremaximo@hotmail.com', '2345678', 1, 1, '2015-08-18 22:39:18.873404', '2015-08-18 22:39:18.873404', '2015-08-28 07:25:45', 29704567);
INSERT INTO empleado (id, nombre, apellido, direccion, correo, telefono, tipo_id_id, usuario_id, created_at, updated_at, deleted_at, documento) VALUES (2, 'Leydy Lucia', 'Castillo Mosquera', 'car 17a  n 10-66', 'leydylucia@hotmail.com', '3113604167', 1, 2, '2015-08-16 15:23:11.691171', '2015-08-16 15:23:11.691171', NULL, 1113521028);
INSERT INTO empleado (id, nombre, apellido, direccion, correo, telefono, tipo_id_id, usuario_id, created_at, updated_at, deleted_at, documento) VALUES (4, 'Marcela', 'Florez Murillo', 'car 19 n 345', 'marcelflo88@gmail.com', '314532234', 1, 4, '2015-08-21 09:14:01.721365', '2015-08-21 09:14:01.721365', NULL, 6400890);


--
-- TOC entry 2475 (class 0 OID 0)
-- Dependencies: 182
-- Name: empleado_id_seq; Type: SEQUENCE SET; Schema: public; Owner: postgres
--

SELECT pg_catalog.setval('empleado_id_seq', 7, true);


--
-- TOC entry 2427 (class 0 OID 61471)
-- Dependencies: 224
-- Data for Name: entrada_bodega; Type: TABLE DATA; Schema: public; Owner: postgres
--

INSERT INTO entrada_bodega (id, empleado_id, proveedor_id, created_at, updated_at, deleted_at) VALUES (1, 1, 1, '2015-08-14 14:54:29.386133', '2015-08-14 14:54:29.386133', NULL);
INSERT INTO entrada_bodega (id, empleado_id, proveedor_id, created_at, updated_at, deleted_at) VALUES (3, 2, 3, '2015-08-21 10:18:34.310458', '2015-08-21 10:18:34.310458', NULL);
INSERT INTO entrada_bodega (id, empleado_id, proveedor_id, created_at, updated_at, deleted_at) VALUES (2, 4, 2, '2015-08-14 16:08:13.656371', '2015-08-14 16:08:13.656371', NULL);


--
-- TOC entry 2476 (class 0 OID 0)
-- Dependencies: 194
-- Name: entrada_bodega_id_seq; Type: SEQUENCE SET; Schema: public; Owner: postgres
--

SELECT pg_catalog.setval('entrada_bodega_id_seq', 3, true);


--
-- TOC entry 2418 (class 0 OID 61399)
-- Dependencies: 215
-- Data for Name: estado; Type: TABLE DATA; Schema: public; Owner: postgres
--

INSERT INTO estado (id, desc_estado, created_at, updated_at, deleted_at) VALUES (1, 'Activo', '2015-08-13 16:01:01.901101', '2015-08-13 16:01:01.901101', NULL);
INSERT INTO estado (id, desc_estado, created_at, updated_at, deleted_at) VALUES (2, 'Inactivo', '2015-08-13 16:01:07.457742', '2015-08-13 16:01:07.457742', NULL);


--
-- TOC entry 2477 (class 0 OID 0)
-- Dependencies: 185
-- Name: estado_id_seq; Type: SEQUENCE SET; Schema: public; Owner: postgres
--

SELECT pg_catalog.setval('estado_id_seq', 2, true);


--
-- TOC entry 2409 (class 0 OID 61327)
-- Dependencies: 206
-- Data for Name: genero; Type: TABLE DATA; Schema: public; Owner: postgres
--

INSERT INTO genero (id, descripcion, created_at, updated_at, deleted_at) VALUES (1, 'Hembra', '2015-08-13 16:01:17.411506', '2015-08-13 16:01:17.411506', NULL);
INSERT INTO genero (id, descripcion, created_at, updated_at, deleted_at) VALUES (2, 'Macho', '2015-08-13 16:01:22.092878', '2015-08-13 16:01:22.092878', NULL);


--
-- TOC entry 2478 (class 0 OID 0)
-- Dependencies: 176
-- Name: genero_id_seq; Type: SEQUENCE SET; Schema: public; Owner: postgres
--

SELECT pg_catalog.setval('genero_id_seq', 2, true);


--
-- TOC entry 2420 (class 0 OID 61415)
-- Dependencies: 217
-- Data for Name: hoja_vida; Type: TABLE DATA; Schema: public; Owner: postgres
--

INSERT INTO hoja_vida (id, genero_id, fecha_nacimiento, raza_id, lote_id, estado_id, nombre_cerdo, created_at, updated_at, deleted_at) VALUES (1, 1, '2015-08-13', 16, 2, 2, 'Muñeca', '2015-08-13 16:03:19.643027', '2015-08-13 16:03:19.643027', NULL);
INSERT INTO hoja_vida (id, genero_id, fecha_nacimiento, raza_id, lote_id, estado_id, nombre_cerdo, created_at, updated_at, deleted_at) VALUES (2, 2, '2015-08-13', 16, 3, 1, 'Rozo', '2015-08-13 16:44:37.015374', '2015-08-13 16:44:37.015374', NULL);
INSERT INTO hoja_vida (id, genero_id, fecha_nacimiento, raza_id, lote_id, estado_id, nombre_cerdo, created_at, updated_at, deleted_at) VALUES (3, 2, '2015-08-18', 16, 3, 1, 'Pancho', '2015-08-18 22:18:41.746494', '2015-08-18 22:18:41.746494', NULL);
INSERT INTO hoja_vida (id, genero_id, fecha_nacimiento, raza_id, lote_id, estado_id, nombre_cerdo, created_at, updated_at, deleted_at) VALUES (4, 1, '2015-08-19', 16, 4, 1, 'Mimi', '2015-08-21 09:31:33.229596', '2015-08-21 09:31:33.229596', NULL);
INSERT INTO hoja_vida (id, genero_id, fecha_nacimiento, raza_id, lote_id, estado_id, nombre_cerdo, created_at, updated_at, deleted_at) VALUES (5, 2, '2015-08-26', 26, 4, 1, 'Pocoyo', '2015-08-25 17:30:54.65317', '2015-08-25 17:30:54.65317', NULL);


--
-- TOC entry 2479 (class 0 OID 0)
-- Dependencies: 187
-- Name: hoja_vida_id_seq; Type: SEQUENCE SET; Schema: public; Owner: postgres
--

SELECT pg_catalog.setval('hoja_vida_id_seq', 5, true);


--
-- TOC entry 2413 (class 0 OID 61359)
-- Dependencies: 210
-- Data for Name: insumo; Type: TABLE DATA; Schema: public; Owner: postgres
--

INSERT INTO insumo (id, desc_insumo, tipo_insumo_id, fecha_fabricacion, fecha_vencimiento, proveedor_id, created_at, updated_at, deleted_at) VALUES (5, 'chanchitos', 3, '2015-08-21', '2015-09-24', 1, '2015-08-21 09:29:02.294936', '2015-08-21 09:29:02.294936', '2015-08-21 09:29:30');
INSERT INTO insumo (id, desc_insumo, tipo_insumo_id, fecha_fabricacion, fecha_vencimiento, proveedor_id, created_at, updated_at, deleted_at) VALUES (3, 'Arroz', 3, '2015-08-13', '2015-08-14', 3, '2015-08-13 16:22:53.870221', '2015-08-13 16:22:53.870221', NULL);
INSERT INTO insumo (id, desc_insumo, tipo_insumo_id, fecha_fabricacion, fecha_vencimiento, proveedor_id, created_at, updated_at, deleted_at) VALUES (6, 'Chanchito', 3, '2015-08-21', '2015-08-22', 1, '2015-08-21 15:20:46.16365', '2015-08-21 15:20:46.16365', NULL);
INSERT INTO insumo (id, desc_insumo, tipo_insumo_id, fecha_fabricacion, fecha_vencimiento, proveedor_id, created_at, updated_at, deleted_at) VALUES (2, 'Fenbendazol', 2, '2015-08-13', '2015-08-14', 2, '2015-08-13 16:00:00.392864', '2015-08-13 16:00:00.392864', NULL);
INSERT INTO insumo (id, desc_insumo, tipo_insumo_id, fecha_fabricacion, fecha_vencimiento, proveedor_id, created_at, updated_at, deleted_at) VALUES (4, 'Maiz', 3, '2015-08-13', '2015-08-14', 2, '2015-08-13 16:23:39.283456', '2015-08-13 16:23:39.283456', NULL);
INSERT INTO insumo (id, desc_insumo, tipo_insumo_id, fecha_fabricacion, fecha_vencimiento, proveedor_id, created_at, updated_at, deleted_at) VALUES (7, 'Panacur', 2, '2015-08-27', '2015-12-31', 3, '2015-08-27 10:19:22.675683', '2015-08-27 10:19:22.675683', NULL);
INSERT INTO insumo (id, desc_insumo, tipo_insumo_id, fecha_fabricacion, fecha_vencimiento, proveedor_id, created_at, updated_at, deleted_at) VALUES (1, 'Papa', 1, '2015-08-13', '2015-08-14', 1, '2015-08-13 15:59:41.527315', '2015-08-13 15:59:41.527315', '2015-08-28 08:01:55');


--
-- TOC entry 2480 (class 0 OID 0)
-- Dependencies: 180
-- Name: insumo_id_seq; Type: SEQUENCE SET; Schema: public; Owner: postgres
--

SELECT pg_catalog.setval('insumo_id_seq', 7, true);


--
-- TOC entry 2432 (class 0 OID 61513)
-- Dependencies: 229
-- Data for Name: inventario; Type: TABLE DATA; Schema: public; Owner: postgres
--



--
-- TOC entry 2481 (class 0 OID 0)
-- Dependencies: 199
-- Name: inventario_id_seq; Type: SEQUENCE SET; Schema: public; Owner: postgres
--

SELECT pg_catalog.setval('inventario_id_seq', 1, false);


--
-- TOC entry 2416 (class 0 OID 61383)
-- Dependencies: 213
-- Data for Name: lote; Type: TABLE DATA; Schema: public; Owner: postgres
--

INSERT INTO lote (id, desc_lote, ubicacion, created_at, updated_at, deleted_at) VALUES (2, 'Lote_madre', 'lote1', '2015-08-13 16:01:46.521454', '2015-08-13 16:01:46.521454', NULL);
INSERT INTO lote (id, desc_lote, ubicacion, created_at, updated_at, deleted_at) VALUES (3, 'Lote chanchito', 'lote2', '2015-08-13 16:01:57.042446', '2015-08-13 16:01:57.042446', NULL);
INSERT INTO lote (id, desc_lote, ubicacion, created_at, updated_at, deleted_at) VALUES (4, 'Lote_cebo', 'lote3', '2015-08-13 16:27:17.095664', '2015-08-13 16:27:17.095664', NULL);
INSERT INTO lote (id, desc_lote, ubicacion, created_at, updated_at, deleted_at) VALUES (5, 'lote', 'loten', '2015-08-21 09:30:51.076048', '2015-08-21 09:30:51.076048', '2015-08-28 08:02:53');


--
-- TOC entry 2482 (class 0 OID 0)
-- Dependencies: 183
-- Name: lote_id_seq; Type: SEQUENCE SET; Schema: public; Owner: postgres
--

SELECT pg_catalog.setval('lote_id_seq', 5, true);


--
-- TOC entry 2426 (class 0 OID 61463)
-- Dependencies: 223
-- Data for Name: parto; Type: TABLE DATA; Schema: public; Owner: postgres
--

INSERT INTO parto (id, fecha_nacimiento, num_nacidos, num_vivos, num_muertos, num_hembras, num_machos, fecha_montada, id_padre, hoja_vida_id, created_at, updated_at, deleted_at) VALUES (2, '2015-08-18', 4, 3, 1, 1, 1, '2015-07-01', 'proveedor', 1, '2015-08-18 22:32:38.26959', '2015-08-18 22:32:38.26959', NULL);
INSERT INTO parto (id, fecha_nacimiento, num_nacidos, num_vivos, num_muertos, num_hembras, num_machos, fecha_montada, id_padre, hoja_vida_id, created_at, updated_at, deleted_at) VALUES (4, '2015-06-30', 7, 6, 1, 4, 3, '2015-05-30', 'Nacho', 1, '2015-08-19 14:13:40.81007', '2015-08-19 14:13:40.81007', NULL);
INSERT INTO parto (id, fecha_nacimiento, num_nacidos, num_vivos, num_muertos, num_hembras, num_machos, fecha_montada, id_padre, hoja_vida_id, created_at, updated_at, deleted_at) VALUES (5, '2015-08-19', 5, 5, 0, 5, 0, '2015-07-04', 'Nacho', 1, '2015-08-19 14:14:53.538332', '2015-08-19 14:14:53.538332', NULL);
INSERT INTO parto (id, fecha_nacimiento, num_nacidos, num_vivos, num_muertos, num_hembras, num_machos, fecha_montada, id_padre, hoja_vida_id, created_at, updated_at, deleted_at) VALUES (6, '2015-08-19', 4, 2, 2, 2, 0, '2015-07-01', 'proveedor', 1, '2015-08-19 20:06:36.124109', '2015-08-19 20:06:36.124109', NULL);
INSERT INTO parto (id, fecha_nacimiento, num_nacidos, num_vivos, num_muertos, num_hembras, num_machos, fecha_montada, id_padre, hoja_vida_id, created_at, updated_at, deleted_at) VALUES (7, '2015-08-20', 4, 3, 1, 2, 1, '2015-07-01', 'proveedor', 1, '2015-08-20 15:05:26.616022', '2015-08-20 15:05:26.616022', NULL);
INSERT INTO parto (id, fecha_nacimiento, num_nacidos, num_vivos, num_muertos, num_hembras, num_machos, fecha_montada, id_padre, hoja_vida_id, created_at, updated_at, deleted_at) VALUES (3, '2015-08-19', 2, 2, 0, 1, 1, '2015-07-01', 'proveedor', 1, '2015-08-18 22:34:25.124666', '2015-08-18 22:34:25.124666', '2015-08-21 10:10:56');
INSERT INTO parto (id, fecha_nacimiento, num_nacidos, num_vivos, num_muertos, num_hembras, num_machos, fecha_montada, id_padre, hoja_vida_id, created_at, updated_at, deleted_at) VALUES (10, '2015-08-20', 3, 3, 0, 2, 1, '2015-07-01', 'proveedor', 1, '2015-08-20 15:45:43.825424', '2015-08-20 15:45:43.825424', NULL);
INSERT INTO parto (id, fecha_nacimiento, num_nacidos, num_vivos, num_muertos, num_hembras, num_machos, fecha_montada, id_padre, hoja_vida_id, created_at, updated_at, deleted_at) VALUES (11, '2015-08-21', 4, 3, 1, 3, 1, '2015-07-02', 'rozo', 1, '2015-08-21 10:17:27.215295', '2015-08-21 10:17:27.215295', NULL);
INSERT INTO parto (id, fecha_nacimiento, num_nacidos, num_vivos, num_muertos, num_hembras, num_machos, fecha_montada, id_padre, hoja_vida_id, created_at, updated_at, deleted_at) VALUES (12, '2015-08-01', 4, 4, 0, 2, 2, '2015-07-01', 'proveedor', 4, '2015-08-22 11:32:38.600222', '2015-08-22 11:32:38.600222', NULL);
INSERT INTO parto (id, fecha_nacimiento, num_nacidos, num_vivos, num_muertos, num_hembras, num_machos, fecha_montada, id_padre, hoja_vida_id, created_at, updated_at, deleted_at) VALUES (13, '2015-12-30', 6, 6, 0, 4, 2, '2015-11-30', 'rozo', 4, '2015-08-25 17:35:21.719384', '2015-08-25 17:35:21.719384', NULL);
INSERT INTO parto (id, fecha_nacimiento, num_nacidos, num_vivos, num_muertos, num_hembras, num_machos, fecha_montada, id_padre, hoja_vida_id, created_at, updated_at, deleted_at) VALUES (1, '2015-03-08', 3, 2, 1, 2, 1, '2015-02-01', 'proveedor', 1, '2015-08-18 22:06:36.786239', '2015-08-18 22:06:36.786239', NULL);
INSERT INTO parto (id, fecha_nacimiento, num_nacidos, num_vivos, num_muertos, num_hembras, num_machos, fecha_montada, id_padre, hoja_vida_id, created_at, updated_at, deleted_at) VALUES (9, '2014-08-08', 3, 2, 1, 2, 1, '2014-03-01', 'proveedor', 1, '2015-08-20 15:44:18.204034', '2015-08-20 15:44:18.204034', NULL);
INSERT INTO parto (id, fecha_nacimiento, num_nacidos, num_vivos, num_muertos, num_hembras, num_machos, fecha_montada, id_padre, hoja_vida_id, created_at, updated_at, deleted_at) VALUES (8, '2015-06-01', 1, 1, 0, 1, 0, '2015-05-01', 'proveedor', 4, '2015-08-20 15:12:48.186183', '2015-08-20 15:12:48.186183', NULL);


--
-- TOC entry 2483 (class 0 OID 0)
-- Dependencies: 193
-- Name: parto_id_seq; Type: SEQUENCE SET; Schema: public; Owner: postgres
--

SELECT pg_catalog.setval('parto_id_seq', 13, true);


--
-- TOC entry 2411 (class 0 OID 61343)
-- Dependencies: 208
-- Data for Name: proveedor; Type: TABLE DATA; Schema: public; Owner: postgres
--

INSERT INTO proveedor (id, nombre, apellido, direccion, correo, telefono, ciudad_id, created_at, updated_at, deleted_at) VALUES (3, 'Ema Maria', 'Ceron Giron', 'cal 12 carrera 20 #123', 'ema@hotmail.com', '3145212214', 2, '2015-08-21 09:18:14.12641', '2015-08-21 09:18:14.12641', NULL);
INSERT INTO proveedor (id, nombre, apellido, direccion, correo, telefono, ciudad_id, created_at, updated_at, deleted_at) VALUES (1, 'Andrea', 'Castaneda', 'car 34 #43 ', 'andreas@hotmail.com', '3145212214', 1, '2015-08-13 15:58:33.328735', '2015-08-13 15:58:33.328735', NULL);
INSERT INTO proveedor (id, nombre, apellido, direccion, correo, telefono, ciudad_id, created_at, updated_at, deleted_at) VALUES (2, 'Emanuela', 'Carrachas', 'cal 12 carrera 20 #123', 'emanuel@hotmail.com', '231453', 1, '2015-08-13 15:59:05.101836', '2015-08-13 15:59:05.101836', NULL);


--
-- TOC entry 2484 (class 0 OID 0)
-- Dependencies: 178
-- Name: proveedor_id_seq; Type: SEQUENCE SET; Schema: public; Owner: postgres
--

SELECT pg_catalog.setval('proveedor_id_seq', 3, true);


--
-- TOC entry 2417 (class 0 OID 61391)
-- Dependencies: 214
-- Data for Name: raza; Type: TABLE DATA; Schema: public; Owner: postgres
--

INSERT INTO raza (id, desc_raza, created_at, updated_at, deleted_at) VALUES (1, 'Baztan', '2015-08-13 16:02:08.044323', '2015-08-13 16:02:08.044323', NULL);
INSERT INTO raza (id, desc_raza, created_at, updated_at, deleted_at) VALUES (2, 'Berkshire', '2015-08-13 16:02:14.623012', '2015-08-13 16:02:14.623012', NULL);
INSERT INTO raza (id, desc_raza, created_at, updated_at, deleted_at) VALUES (3, 'Camboruog22', '2015-08-24 11:22:41.725902', '2015-08-24 11:22:41.725902', NULL);
INSERT INTO raza (id, desc_raza, created_at, updated_at, deleted_at) VALUES (4, 'Cerdo Casco De Mula', '2015-08-24 11:23:07.437089', '2015-08-24 11:23:07.437089', NULL);
INSERT INTO raza (id, desc_raza, created_at, updated_at, deleted_at) VALUES (5, 'Cerdo Celta', '2015-08-24 11:23:24.468782', '2015-08-24 11:23:24.468782', NULL);
INSERT INTO raza (id, desc_raza, created_at, updated_at, deleted_at) VALUES (6, 'Cerdo Chocuano', '2015-08-24 11:24:23.840881', '2015-08-24 11:24:23.840881', NULL);
INSERT INTO raza (id, desc_raza, created_at, updated_at, deleted_at) VALUES (7, 'Cerdo Curi', '2015-08-24 11:24:34.097111', '2015-08-24 11:24:34.097111', NULL);
INSERT INTO raza (id, desc_raza, created_at, updated_at, deleted_at) VALUES (8, 'Cerdo Iberico', '2015-08-24 11:24:43.762253', '2015-08-24 11:24:43.762253', NULL);
INSERT INTO raza (id, desc_raza, created_at, updated_at, deleted_at) VALUES (9, 'Cerdo Sampedreno', '2015-08-24 11:24:57.493968', '2015-08-24 11:24:57.493968', NULL);
INSERT INTO raza (id, desc_raza, created_at, updated_at, deleted_at) VALUES (10, 'Cerdo Zungo', '2015-08-24 11:25:06.496155', '2015-08-24 11:25:06.496155', NULL);
INSERT INTO raza (id, desc_raza, created_at, updated_at, deleted_at) VALUES (11, 'Chester White', '2015-08-24 11:25:23.911373', '2015-08-24 11:25:23.911373', NULL);
INSERT INTO raza (id, desc_raza, created_at, updated_at, deleted_at) VALUES (12, 'Congo Santandereno', '2015-08-24 11:25:57.731404', '2015-08-24 11:25:57.731404', NULL);
INSERT INTO raza (id, desc_raza, created_at, updated_at, deleted_at) VALUES (13, 'Duroc Jersey', '2015-08-24 11:26:11.773748', '2015-08-24 11:26:11.773748', NULL);
INSERT INTO raza (id, desc_raza, created_at, updated_at, deleted_at) VALUES (14, 'Hampshire', '2015-08-24 11:26:23.062892', '2015-08-24 11:26:23.062892', NULL);
INSERT INTO raza (id, desc_raza, created_at, updated_at, deleted_at) VALUES (15, 'Iberico', '2015-08-24 11:26:49.042893', '2015-08-24 11:26:49.042893', NULL);
INSERT INTO raza (id, desc_raza, created_at, updated_at, deleted_at) VALUES (16, 'Landrace', '2015-08-24 11:27:19.489532', '2015-08-24 11:27:19.489532', NULL);
INSERT INTO raza (id, desc_raza, created_at, updated_at, deleted_at) VALUES (17, 'Picboard 326', '2015-08-24 11:27:33.177109', '2015-08-24 11:27:33.177109', NULL);
INSERT INTO raza (id, desc_raza, created_at, updated_at, deleted_at) VALUES (18, 'Picboard 350-GL', '2015-08-24 11:27:57.303423', '2015-08-24 11:27:57.303423', NULL);
INSERT INTO raza (id, desc_raza, created_at, updated_at, deleted_at) VALUES (19, 'Picboard 406', '2015-08-24 11:28:42.623708', '2015-08-24 11:28:42.623708', NULL);
INSERT INTO raza (id, desc_raza, created_at, updated_at, deleted_at) VALUES (20, 'Picboard 420-GL', '2015-08-24 11:28:57.984922', '2015-08-24 11:28:57.984922', NULL);
INSERT INTO raza (id, desc_raza, created_at, updated_at, deleted_at) VALUES (21, 'Pietrain', '2015-08-24 11:29:19.820543', '2015-08-24 11:29:19.820543', NULL);
INSERT INTO raza (id, desc_raza, created_at, updated_at, deleted_at) VALUES (22, 'Poland Chino', '2015-08-24 11:29:35.21258', '2015-08-24 11:29:35.21258', NULL);
INSERT INTO raza (id, desc_raza, created_at, updated_at, deleted_at) VALUES (23, 'Spotted Poland', '2015-08-24 11:29:48.614874', '2015-08-24 11:29:48.614874', NULL);
INSERT INTO raza (id, desc_raza, created_at, updated_at, deleted_at) VALUES (24, 'Tamworth', '2015-08-24 11:29:59.524297', '2015-08-24 11:29:59.524297', NULL);
INSERT INTO raza (id, desc_raza, created_at, updated_at, deleted_at) VALUES (25, 'Wesse.V Saddleback', '2015-08-24 11:30:19.322336', '2015-08-24 11:30:19.322336', NULL);
INSERT INTO raza (id, desc_raza, created_at, updated_at, deleted_at) VALUES (26, 'Yorshire', '2015-08-24 11:30:47.034738', '2015-08-24 11:30:47.034738', NULL);


--
-- TOC entry 2485 (class 0 OID 0)
-- Dependencies: 184
-- Name: raza_id_seq; Type: SEQUENCE SET; Schema: public; Owner: postgres
--

SELECT pg_catalog.setval('raza_id_seq', 26, true);


--
-- TOC entry 2405 (class 0 OID 61290)
-- Dependencies: 202
-- Data for Name: recordar_me; Type: TABLE DATA; Schema: public; Owner: postgres
--



--
-- TOC entry 2486 (class 0 OID 0)
-- Dependencies: 172
-- Name: recordar_me_id_seq; Type: SEQUENCE SET; Schema: public; Owner: postgres
--

SELECT pg_catalog.setval('recordar_me_id_seq', 1, false);


--
-- TOC entry 2431 (class 0 OID 61503)
-- Dependencies: 228
-- Data for Name: reporte; Type: TABLE DATA; Schema: public; Owner: postgres
--

INSERT INTO reporte (id, nombre, descripcion, direccion, created_at) VALUES (1, 'sacrificio', 'Cantidad de carne', 'sacrificio/local', '2015-08-18 16:22:19.223749');


--
-- TOC entry 2487 (class 0 OID 0)
-- Dependencies: 198
-- Name: reporte_id_seq; Type: SEQUENCE SET; Schema: public; Owner: postgres
--

SELECT pg_catalog.setval('reporte_id_seq', 3, true);


--
-- TOC entry 2423 (class 0 OID 61439)
-- Dependencies: 220
-- Data for Name: sacrificio_venta; Type: TABLE DATA; Schema: public; Owner: postgres
--

INSERT INTO sacrificio_venta (id, valor, cantidad, unidad_medida_id, tipo_venta_id, id_cerdo, created_at, updated_at, deleted_at) VALUES (6, 3000, 1, 2, 1, 2, '2015-08-27 22:20:38.660683', '2015-08-27 22:20:38.660683', NULL);
INSERT INTO sacrificio_venta (id, valor, cantidad, unidad_medida_id, tipo_venta_id, id_cerdo, created_at, updated_at, deleted_at) VALUES (1, 4500, 2, 2, 1, 1, '2015-08-13 16:04:34.078165', '2015-08-13 16:04:34.078165', NULL);
INSERT INTO sacrificio_venta (id, valor, cantidad, unidad_medida_id, tipo_venta_id, id_cerdo, created_at, updated_at, deleted_at) VALUES (2, 4500, 12, 2, 2, 2, '2015-08-13 16:05:11.511268', '2015-08-13 16:05:11.511268', NULL);
INSERT INTO sacrificio_venta (id, valor, cantidad, unidad_medida_id, tipo_venta_id, id_cerdo, created_at, updated_at, deleted_at) VALUES (3, 5000, 10, 2, 2, 1, '2015-08-18 17:30:23.205285', '2015-08-18 17:30:23.205285', NULL);


--
-- TOC entry 2488 (class 0 OID 0)
-- Dependencies: 190
-- Name: sacrificio_venta_id_seq; Type: SEQUENCE SET; Schema: public; Owner: postgres
--

SELECT pg_catalog.setval('sacrificio_venta_id_seq', 6, true);


--
-- TOC entry 2429 (class 0 OID 61487)
-- Dependencies: 226
-- Data for Name: salida_bodega; Type: TABLE DATA; Schema: public; Owner: postgres
--

INSERT INTO salida_bodega (id, empleado_id, created_at, updated_at, deleted_at) VALUES (2, 1, '2015-08-14 16:23:45.543458', '2015-08-14 16:23:45.543458', NULL);
INSERT INTO salida_bodega (id, empleado_id, created_at, updated_at, deleted_at) VALUES (1, 2, '2015-08-14 14:55:55.880108', '2015-08-14 14:55:55.880108', NULL);
INSERT INTO salida_bodega (id, empleado_id, created_at, updated_at, deleted_at) VALUES (3, 3, '2015-08-21 10:20:55.946685', '2015-08-21 10:20:55.946685', '2015-08-28 08:04:24');


--
-- TOC entry 2489 (class 0 OID 0)
-- Dependencies: 196
-- Name: salida_bodega_id_seq; Type: SEQUENCE SET; Schema: public; Owner: postgres
--

SELECT pg_catalog.setval('salida_bodega_id_seq', 3, true);


--
-- TOC entry 2424 (class 0 OID 61447)
-- Dependencies: 221
-- Data for Name: tipo_doc; Type: TABLE DATA; Schema: public; Owner: postgres
--



--
-- TOC entry 2490 (class 0 OID 0)
-- Dependencies: 191
-- Name: tipo_doc_id_seq; Type: SEQUENCE SET; Schema: public; Owner: postgres
--

SELECT pg_catalog.setval('tipo_doc_id_seq', 1, false);


--
-- TOC entry 2414 (class 0 OID 61367)
-- Dependencies: 211
-- Data for Name: tipo_id; Type: TABLE DATA; Schema: public; Owner: postgres
--

INSERT INTO tipo_id (id, desc_tipo_id, created_at, updated_at, deleted_at) VALUES (1, 'Cedula', '2015-08-13 16:02:26.708057', '2015-08-13 16:02:26.708057', NULL);


--
-- TOC entry 2491 (class 0 OID 0)
-- Dependencies: 181
-- Name: tipo_id_id_seq; Type: SEQUENCE SET; Schema: public; Owner: postgres
--

SELECT pg_catalog.setval('tipo_id_id_seq', 1, true);


--
-- TOC entry 2412 (class 0 OID 61351)
-- Dependencies: 209
-- Data for Name: tipo_insumo; Type: TABLE DATA; Schema: public; Owner: postgres
--

INSERT INTO tipo_insumo (id, desc_tipoin, created_at, updated_at, deleted_at) VALUES (1, 'alimento', '2015-08-13 15:59:13.21455', '2015-08-13 15:59:13.21455', '2015-08-21 09:26:26');
INSERT INTO tipo_insumo (id, desc_tipoin, created_at, updated_at, deleted_at) VALUES (3, 'Alimentos', '2015-08-21 09:23:39.013157', '2015-08-21 09:23:39.013157', NULL);
INSERT INTO tipo_insumo (id, desc_tipoin, created_at, updated_at, deleted_at) VALUES (2, 'Vacunas', '2015-08-13 15:59:19.19857', '2015-08-13 15:59:19.19857', NULL);


--
-- TOC entry 2492 (class 0 OID 0)
-- Dependencies: 179
-- Name: tipo_insumo_id_seq; Type: SEQUENCE SET; Schema: public; Owner: postgres
--

SELECT pg_catalog.setval('tipo_insumo_id_seq', 3, true);


--
-- TOC entry 2421 (class 0 OID 61423)
-- Dependencies: 218
-- Data for Name: tipo_venta; Type: TABLE DATA; Schema: public; Owner: postgres
--

INSERT INTO tipo_venta (id, desc_tipov, created_at, updated_at, deleted_at) VALUES (3, 'menudos', '2015-08-21 09:34:20.492938', '2015-08-21 09:34:20.492938', '2015-08-21 09:35:35');
INSERT INTO tipo_venta (id, desc_tipov, created_at, updated_at, deleted_at) VALUES (1, 'Costilla', '2015-08-13 16:04:06.005776', '2015-08-13 16:04:06.005776', NULL);
INSERT INTO tipo_venta (id, desc_tipov, created_at, updated_at, deleted_at) VALUES (4, 'Menudo', '2015-08-24 15:51:49.805108', '2015-08-24 15:51:49.805108', NULL);
INSERT INTO tipo_venta (id, desc_tipov, created_at, updated_at, deleted_at) VALUES (2, 'Pulpa', '2015-08-13 16:04:10.451521', '2015-08-13 16:04:10.451521', NULL);


--
-- TOC entry 2493 (class 0 OID 0)
-- Dependencies: 188
-- Name: tipo_venta_id_seq; Type: SEQUENCE SET; Schema: public; Owner: postgres
--

SELECT pg_catalog.setval('tipo_venta_id_seq', 4, true);


--
-- TOC entry 2422 (class 0 OID 61431)
-- Dependencies: 219
-- Data for Name: unidad_medida; Type: TABLE DATA; Schema: public; Owner: postgres
--

INSERT INTO unidad_medida (id, descripcion, created_at, updated_at, deleted_at) VALUES (1, 'Libra', '2015-08-13 16:02:37.881016', '2015-08-13 16:02:37.881016', NULL);
INSERT INTO unidad_medida (id, descripcion, created_at, updated_at, deleted_at) VALUES (2, 'Kilo', '2015-08-13 16:02:41.688325', '2015-08-13 16:02:41.688325', NULL);


--
-- TOC entry 2494 (class 0 OID 0)
-- Dependencies: 189
-- Name: unidad_medida_id_seq; Type: SEQUENCE SET; Schema: public; Owner: postgres
--

SELECT pg_catalog.setval('unidad_medida_id_seq', 2, true);


--
-- TOC entry 2406 (class 0 OID 61299)
-- Dependencies: 203
-- Data for Name: usuario; Type: TABLE DATA; Schema: public; Owner: postgres
--

INSERT INTO usuario (id, user_name, password, actived, last_login_at, created_at, updated_at, deleted_at) VALUES (2, 'leydy', '202cb962ac59075b964b07152d234b70', true, NULL, '2015-08-13 17:45:06.355692', '2015-08-13 17:45:06.355692', NULL);
INSERT INTO usuario (id, user_name, password, actived, last_login_at, created_at, updated_at, deleted_at) VALUES (1, 'admin', '202cb962ac59075b964b07152d234b70', true, '2015-08-28 10:59:28', '2015-08-13 15:54:29.256885', '2015-08-13 15:54:29.256885', NULL);
INSERT INTO usuario (id, user_name, password, actived, last_login_at, created_at, updated_at, deleted_at) VALUES (3, '', 'd41d8cd98f00b204e9800998ecf8427e', true, NULL, '2015-08-17 16:59:39.989024', '2015-08-17 16:59:39.989024', '2015-08-21 09:09:41');
INSERT INTO usuario (id, user_name, password, actived, last_login_at, created_at, updated_at, deleted_at) VALUES (4, 'marcelaflo', 'd41d8cd98f00b204e9800998ecf8427e', true, NULL, '2015-08-21 09:10:14.603166', '2015-08-21 09:10:14.603166', NULL);


--
-- TOC entry 2407 (class 0 OID 61312)
-- Dependencies: 204
-- Data for Name: usuario_credencial; Type: TABLE DATA; Schema: public; Owner: postgres
--

INSERT INTO usuario_credencial (id, usuario_id, credencial_id, created_at) VALUES (1, 1, 1, '2015-08-13 15:54:29.256885');
INSERT INTO usuario_credencial (id, usuario_id, credencial_id, created_at) VALUES (2, 2, 1, '2015-08-21 09:15:37.772077');


--
-- TOC entry 2495 (class 0 OID 0)
-- Dependencies: 174
-- Name: usuario_credencial_id_seq; Type: SEQUENCE SET; Schema: public; Owner: postgres
--

SELECT pg_catalog.setval('usuario_credencial_id_seq', 2, true);


--
-- TOC entry 2496 (class 0 OID 0)
-- Dependencies: 173
-- Name: usuario_id_seq; Type: SEQUENCE SET; Schema: public; Owner: postgres
--

SELECT pg_catalog.setval('usuario_id_seq', 4, true);


--
-- TOC entry 2425 (class 0 OID 61455)
-- Dependencies: 222
-- Data for Name: vacunacion; Type: TABLE DATA; Schema: public; Owner: postgres
--

INSERT INTO vacunacion (id, dosis, insumo_id, id_cerdo, created_at, updated_at, deleted_at) VALUES (2, '12gr', 3, 1, '2015-08-13 16:24:54.10842', '2015-08-13 16:24:54.10842', '2015-08-21 09:45:37');
INSERT INTO vacunacion (id, dosis, insumo_id, id_cerdo, created_at, updated_at, deleted_at) VALUES (5, '50gr', 2, 4, '2015-08-21 09:45:53.607899', '2015-08-21 09:45:53.607899', NULL);
INSERT INTO vacunacion (id, dosis, insumo_id, id_cerdo, created_at, updated_at, deleted_at) VALUES (4, '1gr', 2, 2, '2015-08-13 16:27:51.38943', '2015-08-13 16:27:51.38943', '2015-08-21 09:53:04');
INSERT INTO vacunacion (id, dosis, insumo_id, id_cerdo, created_at, updated_at, deleted_at) VALUES (1, '50gr', 3, 1, '2015-08-13 16:05:33.762953', '2015-08-13 16:05:33.762953', NULL);
INSERT INTO vacunacion (id, dosis, insumo_id, id_cerdo, created_at, updated_at, deleted_at) VALUES (6, '1gr', 3, 1, '2015-08-21 10:00:00.194073', '2015-08-21 10:00:00.194073', '2015-08-21 12:08:41');
INSERT INTO vacunacion (id, dosis, insumo_id, id_cerdo, created_at, updated_at, deleted_at) VALUES (3, '30gr', 2, 2, '2015-08-13 16:25:10.882404', '2015-08-13 16:25:10.882404', NULL);
INSERT INTO vacunacion (id, dosis, insumo_id, id_cerdo, created_at, updated_at, deleted_at) VALUES (9, '15gr', 2, 3, '2015-08-26 11:48:51.393756', '2015-08-26 11:48:51.393756', NULL);
INSERT INTO vacunacion (id, dosis, insumo_id, id_cerdo, created_at, updated_at, deleted_at) VALUES (10, '50gr', 6, 5, '2015-08-26 12:52:54.842301', '2015-08-26 12:52:54.842301', NULL);
INSERT INTO vacunacion (id, dosis, insumo_id, id_cerdo, created_at, updated_at, deleted_at) VALUES (8, '12', 7, 4, '2015-08-21 14:42:36.198658', '2015-08-21 14:42:36.198658', NULL);
INSERT INTO vacunacion (id, dosis, insumo_id, id_cerdo, created_at, updated_at, deleted_at) VALUES (7, '1gr', 2, 1, '2015-08-21 12:09:02.997164', '2015-08-21 12:09:02.997164', NULL);


--
-- TOC entry 2497 (class 0 OID 0)
-- Dependencies: 192
-- Name: vacunacion_id_seq; Type: SEQUENCE SET; Schema: public; Owner: postgres
--

SELECT pg_catalog.setval('vacunacion_id_seq', 10, true);


--
-- TOC entry 2167 (class 2606 OID 61279)
-- Name: pkbitacora; Type: CONSTRAINT; Schema: public; Owner: postgres; Tablespace: 
--

ALTER TABLE ONLY bitacora
    ADD CONSTRAINT pkbitacora PRIMARY KEY (id);


--
-- TOC entry 2187 (class 2606 OID 61342)
-- Name: pkciudad; Type: CONSTRAINT; Schema: public; Owner: postgres; Tablespace: 
--

ALTER TABLE ONLY ciudad
    ADD CONSTRAINT pkciudad PRIMARY KEY (id);


--
-- TOC entry 2205 (class 2606 OID 61414)
-- Name: pkcontrol_peso; Type: CONSTRAINT; Schema: public; Owner: postgres; Tablespace: 
--

ALTER TABLE ONLY control_peso
    ADD CONSTRAINT pkcontrol_peso PRIMARY KEY (id);


--
-- TOC entry 2169 (class 2606 OID 61289)
-- Name: pkcredencial; Type: CONSTRAINT; Schema: public; Owner: postgres; Tablespace: 
--

ALTER TABLE ONLY credencial
    ADD CONSTRAINT pkcredencial PRIMARY KEY (id);


--
-- TOC entry 2183 (class 2606 OID 61326)
-- Name: pkdepto; Type: CONSTRAINT; Schema: public; Owner: postgres; Tablespace: 
--

ALTER TABLE ONLY depto
    ADD CONSTRAINT pkdepto PRIMARY KEY (id);


--
-- TOC entry 2223 (class 2606 OID 61486)
-- Name: pkdetalle_entrada; Type: CONSTRAINT; Schema: public; Owner: postgres; Tablespace: 
--

ALTER TABLE ONLY detalle_entrada
    ADD CONSTRAINT pkdetalle_entrada PRIMARY KEY (id);


--
-- TOC entry 2227 (class 2606 OID 61502)
-- Name: pkdetalle_salida; Type: CONSTRAINT; Schema: public; Owner: postgres; Tablespace: 
--

ALTER TABLE ONLY detalle_salida
    ADD CONSTRAINT pkdetalle_salida PRIMARY KEY (id);


--
-- TOC entry 2197 (class 2606 OID 61382)
-- Name: pkempleado; Type: CONSTRAINT; Schema: public; Owner: postgres; Tablespace: 
--

ALTER TABLE ONLY empleado
    ADD CONSTRAINT pkempleado PRIMARY KEY (id);


--
-- TOC entry 2221 (class 2606 OID 61478)
-- Name: pkentrada_bodega; Type: CONSTRAINT; Schema: public; Owner: postgres; Tablespace: 
--

ALTER TABLE ONLY entrada_bodega
    ADD CONSTRAINT pkentrada_bodega PRIMARY KEY (id);


--
-- TOC entry 2203 (class 2606 OID 61406)
-- Name: pkestado; Type: CONSTRAINT; Schema: public; Owner: postgres; Tablespace: 
--

ALTER TABLE ONLY estado
    ADD CONSTRAINT pkestado PRIMARY KEY (id);


--
-- TOC entry 2185 (class 2606 OID 61334)
-- Name: pkgenero; Type: CONSTRAINT; Schema: public; Owner: postgres; Tablespace: 
--

ALTER TABLE ONLY genero
    ADD CONSTRAINT pkgenero PRIMARY KEY (id);


--
-- TOC entry 2207 (class 2606 OID 61422)
-- Name: pkhoja_vida; Type: CONSTRAINT; Schema: public; Owner: postgres; Tablespace: 
--

ALTER TABLE ONLY hoja_vida
    ADD CONSTRAINT pkhoja_vida PRIMARY KEY (id);


--
-- TOC entry 2193 (class 2606 OID 61366)
-- Name: pkinsumo; Type: CONSTRAINT; Schema: public; Owner: postgres; Tablespace: 
--

ALTER TABLE ONLY insumo
    ADD CONSTRAINT pkinsumo PRIMARY KEY (id);


--
-- TOC entry 2231 (class 2606 OID 61520)
-- Name: pkinventario; Type: CONSTRAINT; Schema: public; Owner: postgres; Tablespace: 
--

ALTER TABLE ONLY inventario
    ADD CONSTRAINT pkinventario PRIMARY KEY (id);


--
-- TOC entry 2199 (class 2606 OID 61390)
-- Name: pklote; Type: CONSTRAINT; Schema: public; Owner: postgres; Tablespace: 
--

ALTER TABLE ONLY lote
    ADD CONSTRAINT pklote PRIMARY KEY (id);


--
-- TOC entry 2219 (class 2606 OID 61470)
-- Name: pkparto; Type: CONSTRAINT; Schema: public; Owner: postgres; Tablespace: 
--

ALTER TABLE ONLY parto
    ADD CONSTRAINT pkparto PRIMARY KEY (id);


--
-- TOC entry 2189 (class 2606 OID 61350)
-- Name: pkproveedor; Type: CONSTRAINT; Schema: public; Owner: postgres; Tablespace: 
--

ALTER TABLE ONLY proveedor
    ADD CONSTRAINT pkproveedor PRIMARY KEY (id);


--
-- TOC entry 2201 (class 2606 OID 61398)
-- Name: pkraza; Type: CONSTRAINT; Schema: public; Owner: postgres; Tablespace: 
--

ALTER TABLE ONLY raza
    ADD CONSTRAINT pkraza PRIMARY KEY (id);


--
-- TOC entry 2171 (class 2606 OID 61296)
-- Name: pkrecordar_me; Type: CONSTRAINT; Schema: public; Owner: postgres; Tablespace: 
--

ALTER TABLE ONLY recordar_me
    ADD CONSTRAINT pkrecordar_me PRIMARY KEY (id);


--
-- TOC entry 2229 (class 2606 OID 61512)
-- Name: pkreporte; Type: CONSTRAINT; Schema: public; Owner: postgres; Tablespace: 
--

ALTER TABLE ONLY reporte
    ADD CONSTRAINT pkreporte PRIMARY KEY (id);


--
-- TOC entry 2213 (class 2606 OID 61446)
-- Name: pksacrificio_venta; Type: CONSTRAINT; Schema: public; Owner: postgres; Tablespace: 
--

ALTER TABLE ONLY sacrificio_venta
    ADD CONSTRAINT pksacrificio_venta PRIMARY KEY (id);


--
-- TOC entry 2225 (class 2606 OID 61494)
-- Name: pksalida_bodega; Type: CONSTRAINT; Schema: public; Owner: postgres; Tablespace: 
--

ALTER TABLE ONLY salida_bodega
    ADD CONSTRAINT pksalida_bodega PRIMARY KEY (id);


--
-- TOC entry 2215 (class 2606 OID 61454)
-- Name: pktipo_doc; Type: CONSTRAINT; Schema: public; Owner: postgres; Tablespace: 
--

ALTER TABLE ONLY tipo_doc
    ADD CONSTRAINT pktipo_doc PRIMARY KEY (id);


--
-- TOC entry 2195 (class 2606 OID 61374)
-- Name: pktipo_id; Type: CONSTRAINT; Schema: public; Owner: postgres; Tablespace: 
--

ALTER TABLE ONLY tipo_id
    ADD CONSTRAINT pktipo_id PRIMARY KEY (id);


--
-- TOC entry 2191 (class 2606 OID 61358)
-- Name: pktipo_insumo; Type: CONSTRAINT; Schema: public; Owner: postgres; Tablespace: 
--

ALTER TABLE ONLY tipo_insumo
    ADD CONSTRAINT pktipo_insumo PRIMARY KEY (id);


--
-- TOC entry 2209 (class 2606 OID 61430)
-- Name: pktipo_venta; Type: CONSTRAINT; Schema: public; Owner: postgres; Tablespace: 
--

ALTER TABLE ONLY tipo_venta
    ADD CONSTRAINT pktipo_venta PRIMARY KEY (id);


--
-- TOC entry 2211 (class 2606 OID 61438)
-- Name: pkunidad_medida; Type: CONSTRAINT; Schema: public; Owner: postgres; Tablespace: 
--

ALTER TABLE ONLY unidad_medida
    ADD CONSTRAINT pkunidad_medida PRIMARY KEY (id);


--
-- TOC entry 2175 (class 2606 OID 61307)
-- Name: pkusuario; Type: CONSTRAINT; Schema: public; Owner: postgres; Tablespace: 
--

ALTER TABLE ONLY usuario
    ADD CONSTRAINT pkusuario PRIMARY KEY (id);


--
-- TOC entry 2181 (class 2606 OID 61318)
-- Name: pkusuario_credencial; Type: CONSTRAINT; Schema: public; Owner: postgres; Tablespace: 
--

ALTER TABLE ONLY usuario_credencial
    ADD CONSTRAINT pkusuario_credencial PRIMARY KEY (id);


--
-- TOC entry 2217 (class 2606 OID 61462)
-- Name: pkvacunacion; Type: CONSTRAINT; Schema: public; Owner: postgres; Tablespace: 
--

ALTER TABLE ONLY vacunacion
    ADD CONSTRAINT pkvacunacion PRIMARY KEY (id);


--
-- TOC entry 2164 (class 1259 OID 61280)
-- Name: bitacora_fecha_Idx; Type: INDEX; Schema: public; Owner: postgres; Tablespace: 
--

CREATE INDEX "bitacora_fecha_Idx" ON bitacora USING btree (fecha);


--
-- TOC entry 2165 (class 1259 OID 61281)
-- Name: bitacora_usuario_id_Idx; Type: INDEX; Schema: public; Owner: postgres; Tablespace: 
--

CREATE INDEX "bitacora_usuario_id_Idx" ON bitacora USING btree (usuario_id);


--
-- TOC entry 2172 (class 1259 OID 61297)
-- Name: recordar_me_ip_address_hash_cookie_Idx; Type: INDEX; Schema: public; Owner: postgres; Tablespace: 
--

CREATE UNIQUE INDEX "recordar_me_ip_address_hash_cookie_Idx" ON recordar_me USING btree (ip_address, hash_cookie);


--
-- TOC entry 2173 (class 1259 OID 61298)
-- Name: recordar_me_usuario_id_Idx; Type: INDEX; Schema: public; Owner: postgres; Tablespace: 
--

CREATE INDEX "recordar_me_usuario_id_Idx" ON recordar_me USING btree (usuario_id);


--
-- TOC entry 2176 (class 1259 OID 61308)
-- Name: usuario_actived_Idx; Type: INDEX; Schema: public; Owner: postgres; Tablespace: 
--

CREATE INDEX "usuario_actived_Idx" ON usuario USING btree (actived);


--
-- TOC entry 2177 (class 1259 OID 61309)
-- Name: usuario_deleted_at_Idx; Type: INDEX; Schema: public; Owner: postgres; Tablespace: 
--

CREATE INDEX "usuario_deleted_at_Idx" ON usuario USING btree (deleted_at);


--
-- TOC entry 2178 (class 1259 OID 61310)
-- Name: usuario_user_name_Idx; Type: INDEX; Schema: public; Owner: postgres; Tablespace: 
--

CREATE UNIQUE INDEX "usuario_user_name_Idx" ON usuario USING btree (user_name);


--
-- TOC entry 2179 (class 1259 OID 61311)
-- Name: usuario_user_name_password_Idx; Type: INDEX; Schema: public; Owner: postgres; Tablespace: 
--

CREATE INDEX "usuario_user_name_password_Idx" ON usuario USING btree (user_name, password);


--
-- TOC entry 2232 (class 2606 OID 61521)
-- Name: fk_bitacora_usuario; Type: FK CONSTRAINT; Schema: public; Owner: postgres
--

ALTER TABLE ONLY bitacora
    ADD CONSTRAINT fk_bitacora_usuario FOREIGN KEY (usuario_id) REFERENCES usuario(id) ON UPDATE RESTRICT ON DELETE RESTRICT;


--
-- TOC entry 2236 (class 2606 OID 61541)
-- Name: fk_ciudad; Type: FK CONSTRAINT; Schema: public; Owner: postgres
--

ALTER TABLE ONLY ciudad
    ADD CONSTRAINT fk_ciudad FOREIGN KEY (depto_id) REFERENCES depto(id) ON UPDATE RESTRICT ON DELETE RESTRICT;


--
-- TOC entry 2242 (class 2606 OID 61571)
-- Name: fk_control_peso_empleado; Type: FK CONSTRAINT; Schema: public; Owner: postgres
--

ALTER TABLE ONLY control_peso
    ADD CONSTRAINT fk_control_peso_empleado FOREIGN KEY (empleado_id) REFERENCES empleado(id) ON UPDATE RESTRICT ON DELETE RESTRICT;


--
-- TOC entry 2244 (class 2606 OID 61581)
-- Name: fk_control_peso_unidad_hoja_vida; Type: FK CONSTRAINT; Schema: public; Owner: postgres
--

ALTER TABLE ONLY control_peso
    ADD CONSTRAINT fk_control_peso_unidad_hoja_vida FOREIGN KEY (hoja_vida_id) REFERENCES hoja_vida(id) ON UPDATE RESTRICT ON DELETE RESTRICT;


--
-- TOC entry 2243 (class 2606 OID 61576)
-- Name: fk_control_peso_unidad_peso; Type: FK CONSTRAINT; Schema: public; Owner: postgres
--

ALTER TABLE ONLY control_peso
    ADD CONSTRAINT fk_control_peso_unidad_peso FOREIGN KEY (unidad_medida_id) REFERENCES unidad_medida(id) ON UPDATE RESTRICT ON DELETE RESTRICT;


--
-- TOC entry 2257 (class 2606 OID 61646)
-- Name: fk_detalle_entrada_entrada_bodega; Type: FK CONSTRAINT; Schema: public; Owner: postgres
--

ALTER TABLE ONLY detalle_entrada
    ADD CONSTRAINT fk_detalle_entrada_entrada_bodega FOREIGN KEY (entrada_bodega_id) REFERENCES entrada_bodega(id) ON UPDATE RESTRICT ON DELETE RESTRICT;


--
-- TOC entry 2258 (class 2606 OID 61651)
-- Name: fk_detalle_entrada_insumo; Type: FK CONSTRAINT; Schema: public; Owner: postgres
--

ALTER TABLE ONLY detalle_entrada
    ADD CONSTRAINT fk_detalle_entrada_insumo FOREIGN KEY (insumo_id) REFERENCES insumo(id) ON UPDATE RESTRICT ON DELETE RESTRICT;


--
-- TOC entry 2259 (class 2606 OID 61656)
-- Name: fk_detalle_entrada_unidad_medida; Type: FK CONSTRAINT; Schema: public; Owner: postgres
--

ALTER TABLE ONLY detalle_entrada
    ADD CONSTRAINT fk_detalle_entrada_unidad_medida FOREIGN KEY (unidad_medida_id) REFERENCES unidad_medida(id) ON UPDATE RESTRICT ON DELETE RESTRICT;


--
-- TOC entry 2263 (class 2606 OID 61676)
-- Name: fk_detalle_salida_insumo; Type: FK CONSTRAINT; Schema: public; Owner: postgres
--

ALTER TABLE ONLY detalle_salida
    ADD CONSTRAINT fk_detalle_salida_insumo FOREIGN KEY (insumo_id) REFERENCES insumo(id) ON UPDATE RESTRICT ON DELETE RESTRICT;


--
-- TOC entry 2261 (class 2606 OID 61666)
-- Name: fk_detalle_salida_salida_bodega; Type: FK CONSTRAINT; Schema: public; Owner: postgres
--

ALTER TABLE ONLY detalle_salida
    ADD CONSTRAINT fk_detalle_salida_salida_bodega FOREIGN KEY (salida_bodega_id) REFERENCES salida_bodega(id) ON UPDATE RESTRICT ON DELETE RESTRICT;


--
-- TOC entry 2262 (class 2606 OID 61671)
-- Name: fk_detalle_salida_unidad_medida; Type: FK CONSTRAINT; Schema: public; Owner: postgres
--

ALTER TABLE ONLY detalle_salida
    ADD CONSTRAINT fk_detalle_salida_unidad_medida FOREIGN KEY (unidad_medida_id) REFERENCES unidad_medida(id) ON UPDATE RESTRICT ON DELETE RESTRICT;


--
-- TOC entry 2240 (class 2606 OID 61561)
-- Name: fk_empleado_tipo_id; Type: FK CONSTRAINT; Schema: public; Owner: postgres
--

ALTER TABLE ONLY empleado
    ADD CONSTRAINT fk_empleado_tipo_id FOREIGN KEY (tipo_id_id) REFERENCES tipo_id(id) ON UPDATE RESTRICT ON DELETE RESTRICT;


--
-- TOC entry 2241 (class 2606 OID 61566)
-- Name: fk_empleado_usuario; Type: FK CONSTRAINT; Schema: public; Owner: postgres
--

ALTER TABLE ONLY empleado
    ADD CONSTRAINT fk_empleado_usuario FOREIGN KEY (usuario_id) REFERENCES usuario(id) ON UPDATE RESTRICT ON DELETE RESTRICT;


--
-- TOC entry 2255 (class 2606 OID 61636)
-- Name: fk_entrada_bodega_empleado; Type: FK CONSTRAINT; Schema: public; Owner: postgres
--

ALTER TABLE ONLY entrada_bodega
    ADD CONSTRAINT fk_entrada_bodega_empleado FOREIGN KEY (empleado_id) REFERENCES empleado(id) ON UPDATE RESTRICT ON DELETE RESTRICT;


--
-- TOC entry 2256 (class 2606 OID 61641)
-- Name: fk_entrada_bodega_proveedor; Type: FK CONSTRAINT; Schema: public; Owner: postgres
--

ALTER TABLE ONLY entrada_bodega
    ADD CONSTRAINT fk_entrada_bodega_proveedor FOREIGN KEY (proveedor_id) REFERENCES proveedor(id) ON UPDATE RESTRICT ON DELETE RESTRICT;


--
-- TOC entry 2248 (class 2606 OID 61601)
-- Name: fk_hoja_vida_estado; Type: FK CONSTRAINT; Schema: public; Owner: postgres
--

ALTER TABLE ONLY hoja_vida
    ADD CONSTRAINT fk_hoja_vida_estado FOREIGN KEY (estado_id) REFERENCES estado(id) ON UPDATE RESTRICT ON DELETE RESTRICT;


--
-- TOC entry 2246 (class 2606 OID 61591)
-- Name: fk_hoja_vida_genero; Type: FK CONSTRAINT; Schema: public; Owner: postgres
--

ALTER TABLE ONLY hoja_vida
    ADD CONSTRAINT fk_hoja_vida_genero FOREIGN KEY (genero_id) REFERENCES genero(id) ON UPDATE RESTRICT ON DELETE RESTRICT;


--
-- TOC entry 2245 (class 2606 OID 61586)
-- Name: fk_hoja_vida_lote; Type: FK CONSTRAINT; Schema: public; Owner: postgres
--

ALTER TABLE ONLY hoja_vida
    ADD CONSTRAINT fk_hoja_vida_lote FOREIGN KEY (lote_id) REFERENCES lote(id) ON UPDATE RESTRICT ON DELETE RESTRICT;


--
-- TOC entry 2247 (class 2606 OID 61596)
-- Name: fk_hoja_vida_raza; Type: FK CONSTRAINT; Schema: public; Owner: postgres
--

ALTER TABLE ONLY hoja_vida
    ADD CONSTRAINT fk_hoja_vida_raza FOREIGN KEY (raza_id) REFERENCES raza(id) ON UPDATE RESTRICT ON DELETE RESTRICT;


--
-- TOC entry 2239 (class 2606 OID 61556)
-- Name: fk_insumo_proveedor; Type: FK CONSTRAINT; Schema: public; Owner: postgres
--

ALTER TABLE ONLY insumo
    ADD CONSTRAINT fk_insumo_proveedor FOREIGN KEY (proveedor_id) REFERENCES proveedor(id) ON UPDATE RESTRICT ON DELETE RESTRICT;


--
-- TOC entry 2238 (class 2606 OID 61551)
-- Name: fk_insumo_tipo_insumo; Type: FK CONSTRAINT; Schema: public; Owner: postgres
--

ALTER TABLE ONLY insumo
    ADD CONSTRAINT fk_insumo_tipo_insumo FOREIGN KEY (tipo_insumo_id) REFERENCES tipo_insumo(id) ON UPDATE RESTRICT ON DELETE RESTRICT;


--
-- TOC entry 2264 (class 2606 OID 61681)
-- Name: fk_inventario_insumo; Type: FK CONSTRAINT; Schema: public; Owner: postgres
--

ALTER TABLE ONLY inventario
    ADD CONSTRAINT fk_inventario_insumo FOREIGN KEY (insumo_id) REFERENCES insumo(id) ON UPDATE RESTRICT ON DELETE RESTRICT;


--
-- TOC entry 2265 (class 2606 OID 61686)
-- Name: fk_inventario_tipo_doc; Type: FK CONSTRAINT; Schema: public; Owner: postgres
--

ALTER TABLE ONLY inventario
    ADD CONSTRAINT fk_inventario_tipo_doc FOREIGN KEY (tipo_doc_id) REFERENCES tipo_doc(id) ON UPDATE RESTRICT ON DELETE RESTRICT;


--
-- TOC entry 2254 (class 2606 OID 61631)
-- Name: fk_parto; Type: FK CONSTRAINT; Schema: public; Owner: postgres
--

ALTER TABLE ONLY parto
    ADD CONSTRAINT fk_parto FOREIGN KEY (hoja_vida_id) REFERENCES hoja_vida(id) ON UPDATE RESTRICT ON DELETE RESTRICT;


--
-- TOC entry 2237 (class 2606 OID 61546)
-- Name: fk_proveedor; Type: FK CONSTRAINT; Schema: public; Owner: postgres
--

ALTER TABLE ONLY proveedor
    ADD CONSTRAINT fk_proveedor FOREIGN KEY (ciudad_id) REFERENCES ciudad(id) ON UPDATE RESTRICT ON DELETE RESTRICT;


--
-- TOC entry 2233 (class 2606 OID 61526)
-- Name: fk_recordar_me_usuario; Type: FK CONSTRAINT; Schema: public; Owner: postgres
--

ALTER TABLE ONLY recordar_me
    ADD CONSTRAINT fk_recordar_me_usuario FOREIGN KEY (usuario_id) REFERENCES usuario(id) ON UPDATE RESTRICT ON DELETE RESTRICT;


--
-- TOC entry 2251 (class 2606 OID 61616)
-- Name: fk_sacrificio_venta_id_cerdo; Type: FK CONSTRAINT; Schema: public; Owner: postgres
--

ALTER TABLE ONLY sacrificio_venta
    ADD CONSTRAINT fk_sacrificio_venta_id_cerdo FOREIGN KEY (id_cerdo) REFERENCES hoja_vida(id) ON UPDATE RESTRICT ON DELETE RESTRICT;


--
-- TOC entry 2249 (class 2606 OID 61606)
-- Name: fk_sacrificio_venta_tipo_venta; Type: FK CONSTRAINT; Schema: public; Owner: postgres
--

ALTER TABLE ONLY sacrificio_venta
    ADD CONSTRAINT fk_sacrificio_venta_tipo_venta FOREIGN KEY (tipo_venta_id) REFERENCES tipo_venta(id) ON UPDATE RESTRICT ON DELETE RESTRICT;


--
-- TOC entry 2250 (class 2606 OID 61611)
-- Name: fk_sacrificio_venta_unidad_medida; Type: FK CONSTRAINT; Schema: public; Owner: postgres
--

ALTER TABLE ONLY sacrificio_venta
    ADD CONSTRAINT fk_sacrificio_venta_unidad_medida FOREIGN KEY (unidad_medida_id) REFERENCES unidad_medida(id) ON UPDATE RESTRICT ON DELETE RESTRICT;


--
-- TOC entry 2260 (class 2606 OID 61661)
-- Name: fk_salida_bodega_empleado; Type: FK CONSTRAINT; Schema: public; Owner: postgres
--

ALTER TABLE ONLY salida_bodega
    ADD CONSTRAINT fk_salida_bodega_empleado FOREIGN KEY (empleado_id) REFERENCES empleado(id) ON UPDATE RESTRICT ON DELETE RESTRICT;


--
-- TOC entry 2234 (class 2606 OID 61531)
-- Name: fk_usuario_credencial_credencial; Type: FK CONSTRAINT; Schema: public; Owner: postgres
--

ALTER TABLE ONLY usuario_credencial
    ADD CONSTRAINT fk_usuario_credencial_credencial FOREIGN KEY (credencial_id) REFERENCES credencial(id) ON UPDATE RESTRICT ON DELETE RESTRICT;


--
-- TOC entry 2235 (class 2606 OID 61536)
-- Name: fk_usuario_credencial_usuario; Type: FK CONSTRAINT; Schema: public; Owner: postgres
--

ALTER TABLE ONLY usuario_credencial
    ADD CONSTRAINT fk_usuario_credencial_usuario FOREIGN KEY (usuario_id) REFERENCES usuario(id) ON UPDATE RESTRICT ON DELETE RESTRICT;


--
-- TOC entry 2252 (class 2606 OID 61621)
-- Name: fk_vacunacion_id_cerdo; Type: FK CONSTRAINT; Schema: public; Owner: postgres
--

ALTER TABLE ONLY vacunacion
    ADD CONSTRAINT fk_vacunacion_id_cerdo FOREIGN KEY (id_cerdo) REFERENCES hoja_vida(id) ON UPDATE RESTRICT ON DELETE RESTRICT;


--
-- TOC entry 2253 (class 2606 OID 61626)
-- Name: fk_vacunacion_insumo; Type: FK CONSTRAINT; Schema: public; Owner: postgres
--

ALTER TABLE ONLY vacunacion
    ADD CONSTRAINT fk_vacunacion_insumo FOREIGN KEY (insumo_id) REFERENCES insumo(id) ON UPDATE RESTRICT ON DELETE RESTRICT;


--
-- TOC entry 2438 (class 0 OID 0)
-- Dependencies: 5
-- Name: public; Type: ACL; Schema: -; Owner: postgres
--

REVOKE ALL ON SCHEMA public FROM PUBLIC;
REVOKE ALL ON SCHEMA public FROM postgres;
GRANT ALL ON SCHEMA public TO postgres;
GRANT ALL ON SCHEMA public TO PUBLIC;


-- Completed on 2015-08-28 11:20:39 COT

--
-- PostgreSQL database dump complete
--

